{
  "tag": "grouped_by_backbone",
  "seed": 1,
  "num_experts": 4,
  "config": {
    "l2norm": true,
    "entropy_reg": 0.001,
    "gate_temperature": 1.0,
    "embedding_dim": 32
  },
  "expert_order": [
    "ConvNet",
    "DeepSEA",
    "DanQ",
    "DNABERT6"
  ],
  "gate_val_auc": 0.9272381420900913,
  "mean_gate_entropy": 1.0570602069298427,
  "ood_mean_hetmoe": 0.7869195652173914,
  "ood_mean_oracle": 0.7857092173913043,
  "ood_mean_static": 0.7350347826086958,
  "ood_within_family_hetmoe": 0.8046342352941176,
  "ood_cross_family_hetmoe": 0.7367279999999999,
  "ood_nonmotif_hetmoe": 0.6453406666666667,
  "ood_within_family_static": 0.7513190588235295,
  "ood_cross_family_static": 0.6888960000000001,
  "indist_mean_hetmoe": 0.8399922857142856,
  "per_dataset": {
    "in_distribution::ARID3A": {
      "data_type": "in_distribution",
      "tf": "ARID3A",
      "hetmoe_auc": 0.829752,
      "static_mean_auc": 0.75744,
      "oracle_auc": 0.811756,
      "best_expert": "DanQ",
      "per_expert_auc": {
        "ConvNet": 0.6451,
        "DeepSEA": 0.7908,
        "DanQ": 0.8118,
        "DNABERT6": 0.6543
      },
      "hetmoe_brier": 0.1720626030901535,
      "hetmoe_ece": 0.057782339662313456,
      "gate_entropy": 1.2145402431488037
    },
    "in_distribution::FOXM1": {
      "data_type": "in_distribution",
      "tf": "FOXM1",
      "hetmoe_auc": 0.821904,
      "static_mean_auc": 0.7602439999999999,
      "oracle_auc": 0.809324,
      "best_expert": "DanQ",
      "per_expert_auc": {
        "ConvNet": 0.6413,
        "DeepSEA": 0.796,
        "DanQ": 0.8093,
        "DNABERT6": 0.6621
      },
      "hetmoe_brier": 0.17286121512593466,
      "hetmoe_ece": 0.04099522806704044,
      "gate_entropy": 1.140942096710205
    },
    "in_distribution::GATA3": {
      "data_type": "in_distribution",
      "tf": "GATA3",
      "hetmoe_auc": 0.87998,
      "static_mean_auc": 0.845624,
      "oracle_auc": 0.866076,
      "best_expert": "DanQ",
      "per_expert_auc": {
        "ConvNet": 0.742,
        "DeepSEA": 0.8526,
        "DanQ": 0.8661,
        "DNABERT6": 0.7787
      },
      "hetmoe_brier": 0.1431623830486788,
      "hetmoe_ece": 0.062352646425366386,
      "gate_entropy": 1.1712431907653809
    },
    "in_distribution::JUND": {
      "data_type": "in_distribution",
      "tf": "JUND",
      "hetmoe_auc": 0.975716,
      "static_mean_auc": 0.9227719999999999,
      "oracle_auc": 0.951732,
      "best_expert": "DanQ",
      "per_expert_auc": {
        "ConvNet": 0.7653,
        "DeepSEA": 0.9261,
        "DanQ": 0.9517,
        "DNABERT6": 0.8199
      },
      "hetmoe_brier": 0.12179264689650278,
      "hetmoe_ece": 0.18063520105183126,
      "gate_entropy": 0.9192025065422058
    },
    "in_distribution::MAX": {
      "data_type": "in_distribution",
      "tf": "MAX",
      "hetmoe_auc": 0.8269139999999999,
      "static_mean_auc": 0.7144159999999999,
      "oracle_auc": 0.77516,
      "best_expert": "DeepSEA",
      "per_expert_auc": {
        "ConvNet": 0.5276,
        "DeepSEA": 0.7752,
        "DanQ": 0.7547,
        "DNABERT6": 0.5911
      },
      "hetmoe_brier": 0.3769209251524419,
      "hetmoe_ece": 0.39932634235918524,
      "gate_entropy": 0.938392698764801
    },
    "in_distribution::GABPA": {
      "data_type": "in_distribution",
      "tf": "GABPA",
      "hetmoe_auc": 0.864532,
      "static_mean_auc": 0.8071000000000002,
      "oracle_auc": 0.86151,
      "best_expert": "DanQ",
      "per_expert_auc": {
        "ConvNet": 0.544,
        "DeepSEA": 0.8477,
        "DanQ": 0.8615,
        "DNABERT6": 0.6243
      },
      "hetmoe_brier": 0.39922616102312386,
      "hetmoe_ece": 0.4280975365191698,
      "gate_entropy": 1.0153844356536865
    },
    "in_distribution::SP1": {
      "data_type": "in_distribution",
      "tf": "SP1",
      "hetmoe_auc": 0.681148,
      "static_mean_auc": 0.653164,
      "oracle_auc": 0.68345,
      "best_expert": "DanQ",
      "per_expert_auc": {
        "ConvNet": 0.5517,
        "DeepSEA": 0.6741,
        "DanQ": 0.6835,
        "DNABERT6": 0.6062
      },
      "hetmoe_brier": 0.33200673612521986,
      "hetmoe_ece": 0.3038075818419457,
      "gate_entropy": 1.087847113609314
    },
    "out_of_distribution::JUN": {
      "data_type": "out_of_distribution",
      "tf": "JUN",
      "hetmoe_auc": 0.950472,
      "static_mean_auc": 0.861404,
      "oracle_auc": 0.9091,
      "best_expert": "DanQ",
      "per_expert_auc": {
        "ConvNet": 0.6986,
        "DeepSEA": 0.8936,
        "DanQ": 0.9091,
        "DNABERT6": 0.769
      },
      "hetmoe_brier": 0.15613546693179636,
      "hetmoe_ece": 0.20606446807086468,
      "gate_entropy": 0.9287301898002625
    },
    "out_of_distribution::FOSL1": {
      "data_type": "out_of_distribution",
      "tf": "FOSL1",
      "hetmoe_auc": 0.963672,
      "static_mean_auc": 0.880336,
      "oracle_auc": 0.922756,
      "best_expert": "DanQ",
      "per_expert_auc": {
        "ConvNet": 0.7381,
        "DeepSEA": 0.8971,
        "DanQ": 0.9228,
        "DNABERT6": 0.7869
      },
      "hetmoe_brier": 0.14340506303491452,
      "hetmoe_ece": 0.19782573238760234,
      "gate_entropy": 0.9331120848655701
    },
    "out_of_distribution::ATF3": {
      "data_type": "out_of_distribution",
      "tf": "ATF3",
      "hetmoe_auc": 0.81134,
      "static_mean_auc": 0.7023360000000001,
      "oracle_auc": 0.750876,
      "best_expert": "DanQ",
      "per_expert_auc": {
        "ConvNet": 0.5644,
        "DeepSEA": 0.7433,
        "DanQ": 0.7509,
        "DNABERT6": 0.6023
      },
      "hetmoe_brier": 0.3077512447431956,
      "hetmoe_ece": 0.3119204192310572,
      "gate_entropy": 1.0003392696380615
    },
    "out_of_distribution::MYC": {
      "data_type": "out_of_distribution",
      "tf": "MYC",
      "hetmoe_auc": 0.8184039999999999,
      "static_mean_auc": 0.7134119999999999,
      "oracle_auc": 0.7804200000000001,
      "best_expert": "DeepSEA",
      "per_expert_auc": {
        "ConvNet": 0.538,
        "DeepSEA": 0.7804,
        "DanQ": 0.7602,
        "DNABERT6": 0.5913
      },
      "hetmoe_brier": 0.346448821475597,
      "hetmoe_ece": 0.3684777292609215,
      "gate_entropy": 0.9833424091339111
    },
    "out_of_distribution::MXI1": {
      "data_type": "out_of_distribution",
      "tf": "MXI1",
      "hetmoe_auc": 0.734856,
      "static_mean_auc": 0.69558,
      "oracle_auc": 0.750436,
      "best_expert": "DeepSEA",
      "per_expert_auc": {
        "ConvNet": 0.5456,
        "DeepSEA": 0.7504,
        "DanQ": 0.7302,
        "DNABERT6": 0.6068
      },
      "hetmoe_brier": 0.3391541179916312,
      "hetmoe_ece": 0.3266677100658417,
      "gate_entropy": 1.016664743423462
    },
    "out_of_distribution::USF1": {
      "data_type": "out_of_distribution",
      "tf": "USF1",
      "hetmoe_auc": 0.8546880000000001,
      "static_mean_auc": 0.73814,
      "oracle_auc": 0.8132,
      "best_expert": "DeepSEA",
      "per_expert_auc": {
        "ConvNet": 0.5619,
        "DeepSEA": 0.8132,
        "DanQ": 0.7992,
        "DNABERT6": 0.6298
      },
      "hetmoe_brier": 0.30061208463538,
      "hetmoe_ece": 0.3267118121385575,
      "gate_entropy": 0.9482905268669128
    },
    "out_of_distribution::ELF1": {
      "data_type": "out_of_distribution",
      "tf": "ELF1",
      "hetmoe_auc": 0.8821719999999998,
      "static_mean_auc": 0.847164,
      "oracle_auc": 0.881352,
      "best_expert": "DanQ",
      "per_expert_auc": {
        "ConvNet": 0.5745,
        "DeepSEA": 0.8758,
        "DanQ": 0.8814,
        "DNABERT6": 0.6457
      },
      "hetmoe_brier": 0.4052598546899673,
      "hetmoe_ece": 0.43551118855550885,
      "gate_entropy": 1.003221869468689
    },
    "out_of_distribution::ETS1": {
      "data_type": "out_of_distribution",
      "tf": "ETS1",
      "hetmoe_auc": 0.7306199999999999,
      "static_mean_auc": 0.705624,
      "oracle_auc": 0.762444,
      "best_expert": "DeepSEA",
      "per_expert_auc": {
        "ConvNet": 0.5268,