model,BCLAF1,CTCF,POLR2A,RBBP5,SAP30,STAT3,mean
MoE,0.6782498019115737,0.8924497330933145,0.6260081698244687,0.6396491459896754,0.6310929989468513,0.63001546410639,0.6829108856453789
ARID3A-expert,0.606453288312679,0.8944367243583359,0.5504184510715229,0.5737492565600765,0.579570403117735,0.5997747645870832,0.6340671480012388
FOXM1-expert,0.6767391821635704,0.8776032259872054,0.6386185459705821,0.6422485674319444,0.6268001161349545,0.6266846017221618,0.6814490399017364
GATA3-expert,0.5510655013017842,0.5701149540841429,0.5558303915291853,0.5828693775054334,0.543906189476815,0.57342576000246,0.5628686956499701
DeepSEA,0.6743507294504131,0.8129848419215867,0.6452886027873894,0.6540503354063004,0.6481977282595007,0.71579534072093,0.6917779297576866
DanQ,0.6559492565758717,0.8267745178069763,0.6386638841418094,0.6518179174775763,0.6440893591169119,0.7111442442359989,0.6880731965591907
DNABERT,0.7388458479729455,0.8295174191234336,0.7253689909899257,0.7297738368039393,0.7159323356806646,0.7558075148396405,0.7492076575684248
