{
  "config": {
    "l2norm": true,
    "entropy_reg": 0.001,
    "gate_temperature": 2.0,
    "seed": 2,
    "num_experts": 12,
    "expert_order": [
      "ConvNet::ARID3A",
      "ConvNet::FOXM1",
      "ConvNet::GATA3",
      "DeepSEA::ARID3A",
      "DeepSEA::FOXM1",
      "DeepSEA::GATA3",
      "DanQ::ARID3A",
      "DanQ::FOXM1",
      "DanQ::GATA3",
      "DNABERT6::ARID3A",
      "DNABERT6::FOXM1",
      "DNABERT6::GATA3"
    ]
  },
  "ood_mean": {
    "HetMoE": 0.7776293333333334,
    "static_mean": 0.7212063333333334,
    "best_single": 0.6692406666666666,
    "DNABERT": 0.7246793333333333
  },
  "ood_learnable_hetmoe": 0.850462,
  "ood_indirect_hetmoe": 0.741213,
  "indist_mean_hetmoe": 0.8360826666666666,
  "ood_mean_ece": 0.18130068780854344,
  "ood_mean_brier": 0.22838453373932754,
  "tost_margin": 0.01,
  "per_dataset": {
    "in_distribution::ARID3A": {
      "data_type": "in_distribution",
      "tf": "ARID3A",
      "HetMoE_auc": 0.824068,
      "HetMoE_ci": [
        0.7966235608890353,
        0.8499116187615914
      ],
      "static_mean_auc": 0.7322080000000001,
      "static_mean_ci": [
        0.7010097632331193,
        0.7618814160719349
      ],
      "best_single_auc": 0.719484,
      "best_single_ci": [
        0.6864515102893337,
        0.7510890858962438
      ],
      "DNABERT_auc": 0.755444,
      "DNABERT_ci": [
        0.7247552893485051,
        0.7865708984629619
      ],
      "HetMoE_brier": 0.1907455014338808,
      "HetMoE_ece": 0.13132679437845945,
      "gate_entropy": 2.336815595626831,
      "gate_weights": [
        0.04422091320157051,
        0.05231903865933418,
        0.05481677129864693,
        0.048817701637744904,
        0.09636424481868744,
        0.10252898931503296,
        0.1234518513083458,
        0.08588125556707382,
        0.06284328550100327,
        0.08422292023897171,
        0.11245565861463547,
        0.1320771425962448
      ]
    },
    "in_distribution::FOXM1": {
      "data_type": "in_distribution",
      "tf": "FOXM1",
      "HetMoE_auc": 0.8420319999999999,
      "HetMoE_ci": [
        0.8141477488731318,
        0.8649121894211065
      ],
      "static_mean_auc": 0.7507400000000001,
      "static_mean_ci": [
        0.7199544922252659,
        0.779197799292111
      ],
      "best_single_auc": 0.722612,
      "best_single_ci": [
        0.6885210969451696,
        0.7520810870837
      ],
      "DNABERT_auc": 0.755552,
      "DNABERT_ci": [
        0.7231616217450862,
        0.7856866115599004
      ],
      "HetMoE_brier": 0.19665087941917783,
      "HetMoE_ece": 0.16081666444614529,
      "gate_entropy": 2.3363142013549805,
      "gate_weights": [
        0.05071008577942848,
        0.05898048356175423,
        0.059099674224853516,
        0.037360209971666336,
        0.12406719475984573,
        0.08321907371282578,
        0.10208453238010406,
        0.10153421014547348,
        0.053225141018629074,
        0.09106601774692535,
        0.1265626847743988,
        0.11209063977003098
      ]
    },
    "in_distribution::GATA3": {
      "data_type": "in_distribution",
      "tf": "GATA3",
      "HetMoE_auc": 0.842148,
      "HetMoE_ci": [
        0.8199537694549339,
        0.8667445866767467
      ],
      "static_mean_auc": 0.7589199999999999,
      "static_mean_ci": [
        0.7288634588285465,
        0.7891297769217099
      ],
      "best_single_auc": 0.877496,
      "best_single_ci": [
        0.8567602087645834,
        0.8966423609214047
      ],
      "DNABERT_auc": 0.805412,
      "DNABERT_ci": [
        0.7780091051033472,
        0.8298982471509897
      ],
      "HetMoE_brier": 0.20086327371375712,
      "HetMoE_ece": 0.16800240967422725,
      "gate_entropy": 2.283536911010742,
      "gate_weights": [
        0.042369380593299866,
        0.04977162927389145,
        0.05960674583911896,
        0.02816443145275116,
        0.07894432544708252,
        0.14318381249904633,
        0.10596057772636414,
        0.0728292465209961,
        0.06294248253107071,
        0.07468836009502411,
        0.09421780705451965,
        0.1873210370540619
      ]
    },
    "out_of_distribution::BCLAF1": {
      "data_type": "out_of_distribution",
      "tf": "BCLAF1",
      "HetMoE_auc": 0.7751359999999999,
      "HetMoE_ci": [
        0.7466181727992751,
        0.8026234941446057
      ],
      "static_mean_auc": 0.7085920000000001,
      "static_mean_ci": [
        0.675893531435204,
        0.7371517918132844
      ],
      "best_single_auc": 0.6584639999999999,
      "best_single_ci": [
        0.6220977955206387,
        0.688001600160016
      ],
      "DNABERT_auc": 0.7201599999999999,
      "DNABERT_ci": [
        0.6886780913507978,
        0.7487231960319511
      ],
      "HetMoE_brier": 0.22346731184048446,
      "HetMoE_ece": 0.16654439559578893,
      "gate_entropy": 2.2842371463775635,
      "gate_weights": [
        0.04350457713007927,
        0.0513061098754406,
        0.05509830638766289,
        0.053399935364723206,
        0.16282905638217926,
        0.05908748880028725,
        0.10421649366617203,
        0.145941823720932,
        0.04206722229719162,
        0.08830640465021133,
        0.10818896442651749,
        0.0860537737607956
      ]
    },
    "out_of_distribution::CTCF": {
      "data_type": "out_of_distribution",
      "tf": "CTCF",
      "HetMoE_auc": 0.92174,
      "HetMoE_ci": [
        0.9040232304045003,
        0.9371489415547202
      ],
      "static_mean_auc": 0.7922800000000001,
      "static_mean_ci": [
        0.7640468349647216,
        0.8182874945075517
      ],
      "best_single_auc": 0.638808,
      "best_single_ci": [
        0.6025193884609609,
        0.6731100993413872
      ],
      "DNABERT_auc": 0.75864,
      "DNABERT_ci": [
        0.7283936596456974,
        0.7880348211791874
      ],
      "HetMoE_brier": 0.17630881217636302,
      "HetMoE_ece": 0.18263014747202397,
      "gate_entropy": 2.3211607933044434,
      "gate_weights": [
        0.05039465054869652,
        0.061648622155189514,
        0.06186066195368767,
        0.039463628083467484,
        0.11911231279373169,
        0.07026565819978714,
        0.10625214129686356,
        0.14434759318828583,
        0.04664221033453941,
        0.08421598374843597,
        0.10981610417366028,
        0.10598054528236389
      ]
    },
    "out_of_distribution::POLR2A": {
      "data_type": "out_of_distribution",
      "tf": "POLR2A",
      "HetMoE_auc": 0.75376,
      "HetMoE_ci": [
        0.7242762520658782,
        0.7828212080299563
      ],
      "static_mean_auc": 0.704618,
      "static_mean_ci": [
        0.6737816262363763,
        0.7354188458483474
      ],
      "best_single_auc": 0.662568,
      "best_single_ci": [
        0.6290482995848424,
        0.6979464694705845
      ],
      "DNABERT_auc": 0.709816,
      "DNABERT_ci": [
        0.6780410409780788,
        0.7421336776438116
      ],
      "HetMoE_brier": 0.23199216923834173,
      "HetMoE_ece": 0.17186236583441497,
      "gate_entropy": 2.275454044342041,
      "gate_weights": [
        0.042253218591213226,
        0.050749022513628006,
        0.0562099851667881,
        0.053770266473293304,
        0.18196284770965576,
        0.04048158600926399,
        0.10351762920618057,
        0.16833175718784332,
        0.03397958725690842,
        0.09300770610570908,
        0.11227013170719147,
        0.06346626579761505
      ]
    },
    "out_of_distribution::RBBP5": {
      "data_type": "out_of_distribution",
      "tf": "RBBP5",
      "HetMoE_auc": 0.7344999999999999,
      "HetMoE_ci": [
        0.7024611056053885,
        0.7662316425634119
      ],
      "static_mean_auc": 0.699052,
      "static_mean_ci": [
        0.6664445364719257,
        0.7317238773797311
      ],
      "best_single_auc": 0.688224,
      "best_single_ci": [
        0.657136325333046,
        0.7201600634976594
      ],
      "DNABERT_auc": 0.7177,