num_experts,ood_meanAUC_mean,ood_meanAUC_best
1,0.5990255610947194,0.6173022230326222
2,0.6277959157414611,0.6425396273063944
3,0.6411690353519294,0.6411690353519294
