{
  "config": {
    "l2norm": true,
    "entropy_reg": 0.001,
    "gate_temperature": 1.0,
    "seed": 42,
    "num_experts": 6,
    "expert_order": [
      "ConvNet::ARID3A",
      "ConvNet::FOXM1",
      "ConvNet::GATA3",
      "DNABERT6::ARID3A",
      "DNABERT6::FOXM1",
      "DNABERT6::GATA3"
    ]
  },
  "ood_mean": {
    "HetMoE": 0.7818519999999999,
    "static_mean": 0.7276453333333333,
    "best_single": 0.7446973333333333,
    "DNABERT": 0.7466966666666668
  },
  "ood_learnable_hetmoe": 0.836408,
  "ood_indirect_hetmoe": 0.754574,
  "indist_mean_hetmoe": 0.8333919999999999,
  "ood_mean_ece": 0.154113254243508,
  "ood_mean_brier": 0.21599054395109654,
  "tost_margin": 0.01,
  "per_dataset": {
    "in_distribution::ARID3A": {
      "data_type": "in_distribution",
      "tf": "ARID3A",
      "HetMoE_auc": 0.825804,
      "HetMoE_ci": [
        0.7996691425456136,
        0.8519670207505747
      ],
      "static_mean_auc": 0.739084,
      "static_mean_ci": [
        0.7085983769758197,
        0.7681997317705209
      ],
      "best_single_auc": 0.8445479999999999,
      "best_single_ci": [
        0.8179345331421235,
        0.8687332887288106
      ],
      "DNABERT_auc": 0.775092,
      "DNABERT_ci": [
        0.7473076541423339,
        0.804108732963807
      ],
      "HetMoE_brier": 0.19720335278339876,
      "HetMoE_ece": 0.1515544490888715,
      "gate_entropy": 1.3594390153884888,
      "gate_weights": [
        0.09637357294559479,
        0.127644345164299,
        0.010932724922895432,
        0.3358723223209381,
        0.14220254123210907,
        0.2869742512702942
      ]
    },
    "in_distribution::FOXM1": {
      "data_type": "in_distribution",
      "tf": "FOXM1",
      "HetMoE_auc": 0.8340040000000001,
      "HetMoE_ci": [
        0.8071711215176401,
        0.8570788772410941
      ],
      "static_mean_auc": 0.746448,
      "static_mean_ci": [
        0.7160190286066852,
        0.7768396835394483
      ],
      "best_single_auc": 0.7348499999999999,
      "best_single_ci": [
        0.701074087777484,
        0.7630451781282126
      ],
      "DNABERT_auc": 0.7694960000000001,
      "DNABERT_ci": [
        0.740687377854606,
        0.7964933075054582
      ],
      "HetMoE_brier": 0.18953832604203555,
      "HetMoE_ece": 0.13852122715115547,
      "gate_entropy": 1.4034552574157715,
      "gate_weights": [
        0.06988666206598282,
        0.2279839962720871,
        0.010529879480600357,
        0.2567318379878998,
        0.23969963192939758,
        0.19516827166080475
      ]
    },
    "in_distribution::GATA3": {
      "data_type": "in_distribution",
      "tf": "GATA3",
      "HetMoE_auc": 0.840368,
      "HetMoE_ci": [
        0.8161986807621704,
        0.8643279111051486
      ],
      "static_mean_auc": 0.7579199999999999,
      "static_mean_ci": [
        0.7292553180920868,
        0.7862122607510151
      ],
      "best_single_auc": 0.723604,
      "best_single_ci": [
        0.6909507376961972,
        0.7529923599003213
      ],
      "DNABERT_auc": 0.7714279999999998,
      "DNABERT_ci": [
        0.7424927927553299,
        0.7994401296999704
      ],
      "HetMoE_brier": 0.200174457205891,
      "HetMoE_ece": 0.16560279405117034,
      "gate_entropy": 1.2722594738006592,
      "gate_weights": [
        0.06149344518780708,
        0.10234875977039337,
        0.011083199642598629,
        0.24013324081897736,
        0.13133057951927185,
        0.4536104202270508
      ]
    },
    "out_of_distribution::BCLAF1": {
      "data_type": "out_of_distribution",
      "tf": "BCLAF1",
      "HetMoE_auc": 0.776216,
      "HetMoE_ci": [
        0.746850282756694,
        0.8038990350217272
      ],
      "static_mean_auc": 0.7221759999999999,
      "static_mean_ci": [
        0.6896146007683779,
        0.7515968968164103
      ],
      "best_single_auc": 0.72898,
      "best_single_ci": [
        0.6957366003214333,
        0.7576969867792168
      ],
      "DNABERT_auc": 0.733928,
      "DNABERT_ci": [
        0.7029549048088675,
        0.7621405050271337
      ],
      "HetMoE_brier": 0.20858399697775445,
      "HetMoE_ece": 0.12472353103756906,
      "gate_entropy": 1.3741596937179565,
      "gate_weights": [
        0.07537953555583954,
        0.30840614438056946,
        0.01001414842903614,
        0.24149003624916077,
        0.2337813526391983,
        0.13092851638793945
      ]
    },
    "out_of_distribution::CTCF": {
      "data_type": "out_of_distribution",
      "tf": "CTCF",
      "HetMoE_auc": 0.895972,
      "HetMoE_ci": [
        0.8767026845166791,
        0.9148012194708419
      ],
      "static_mean_auc": 0.8028839999999999,
      "static_mean_ci": [
        0.7739106623234573,
        0.8274844707048274
      ],
      "best_single_auc": 0.793948,
      "best_single_ci": [
        0.7649476192964674,
        0.8207291099267056
      ],
      "DNABERT_auc": 0.8222160000000001,
      "DNABERT_ci": [
        0.7942410633066092,
        0.8481987954207446
      ],
      "HetMoE_brier": 0.16996667613366934,
      "HetMoE_ece": 0.1665413261502981,
      "gate_entropy": 1.4329450130462646,
      "gate_weights": [
        0.14065779745578766,
        0.24615752696990967,
        0.014014650136232376,
        0.20976528525352478,
        0.25447770953178406,
        0.13492704927921295
      ]
    },
    "out_of_distribution::POLR2A": {
      "data_type": "out_of_distribution",
      "tf": "POLR2A",
      "HetMoE_auc": 0.7569359999999999,
      "HetMoE_ci": [
        0.7287643434249849,
        0.7864836351306256
      ],
      "static_mean_auc": 0.7102,
      "static_mean_ci": [
        0.6809574600414862,
        0.7420611071922153
      ],
      "best_single_auc": 0.728224,
      "best_single_ci": [
        0.6996387393584976,
        0.7588231036661004
      ],
      "DNABERT_auc": 0.737328,
      "DNABERT_ci": [
        0.7081213197644649,
        0.7670695355427014
      ],
      "HetMoE_brier": 0.224456124029972,
      "HetMoE_ece": 0.15655866715684535,
      "gate_entropy": 1.4038161039352417,
      "gate_weights": [
        0.07760748267173767,
        0.3406592309474945,
        0.009641559794545174,
        0.22279123961925507,
        0.27161768078804016,
        0.07768277078866959
      ]
    },
    "out_of_distribution::RBBP5": {
      "data_type": "out_of_distribution",
      "tf": "RBBP5",
      "HetMoE_auc": 0.741412,
      "HetMoE_ci": [
        0.7108554658362682,
        0.7709670757604978
      ],
      "static_mean_auc": 0.710052,
      "static_mean_ci": [
        0.6777999985842441,
        0.7408626684158333
      ],
      "best_single_auc": 0.73436,
      "best_single_ci": [
        0.7037840906647155,
        0.7640739635791677
      ],
      "DNABERT_auc": 0.7158880000000001,
      "DNABERT_ci": [
        0.6835906714281499,
        0.7470746795245716
      ],
      "HetMoE_brier": 0.23438134554244827,
      "HetMoE_ece": 0.1583997861146927,
      "gate_entropy": 1.4071550369262695,
      "gate_weights": [
        0.07679343968629837,
        0.3041080832481384,
        0.010371511802077293,
        0.22522374987602234,
        0.28063544631004333,
        0.10286778211593628
      ]
    },
    "out_of_distribution::SAP30": {
      "data_type": "out_of_distribution",
      "tf": "SAP30",
      "HetMoE_auc": 0.743732,
      "HetMoE_ci": [
        0.7130432177467235,
        0.7716015179149758
      ],
      "static_mean_auc": 0.710448,
      "static_mean_ci": [
        0.6788342291632604,
        0.7412310338360583
      ],
      "best_single_auc": 0.7234640000000001,
      "best_single_ci": [
        0.6927337600577689,
        0.7535973253170769
      ],
      "DNABERT_auc": 0.7198960000000001,
      "DNABERT_ci": [
        0.6885484858289795,
        0.7500708072624511
      ],
      "HetMoE_brier": 0.23777990399153687,
      "HetMoE_ece": 0.16560606459528207,
      "gate_entropy": 1.4007080793380737,