{
  "tag": "grouped_by_backbone",
  "seed": 42,
  "num_experts": 4,
  "config": {
    "l2norm": true,
    "entropy_reg": 0.001,
    "gate_temperature": 1.0,
    "embedding_dim": 32
  },
  "expert_order": [
    "ConvNet",
    "DeepSEA",
    "DanQ",
    "DNABERT6"
  ],
  "gate_val_auc": 0.9602058121349784,
  "mean_gate_entropy": 1.1812729868623946,
  "ood_mean_hetmoe": 0.8453985217391305,
  "ood_mean_oracle": 0.8027682608695652,
  "ood_mean_static": 0.784332347826087,
  "ood_within_family_hetmoe": 0.8578950588235295,
  "ood_cross_family_hetmoe": 0.8099916666666666,
  "ood_nonmotif_hetmoe": 0.778772,
  "ood_within_family_static": 0.7927628235294117,
  "ood_cross_family_static": 0.7604460000000001,
  "indist_mean_hetmoe": 0.8628131428571431,
  "per_dataset": {
    "in_distribution::ARID3A": {
      "data_type": "in_distribution",
      "tf": "ARID3A",
      "hetmoe_auc": 0.8142799999999999,
      "static_mean_auc": 0.7193120000000001,
      "oracle_auc": 0.745968,
      "best_expert": "DNABERT6",
      "per_expert_auc": {
        "ConvNet": 0.625,
        "DeepSEA": 0.7136,
        "DanQ": 0.7133,
        "DNABERT6": 0.746
      },
      "hetmoe_brier": 0.20446151754240666,
      "hetmoe_ece": 0.1486593396514654,
      "gate_entropy": 1.1328774690628052
    },
    "in_distribution::FOXM1": {
      "data_type": "in_distribution",
      "tf": "FOXM1",
      "hetmoe_auc": 0.809768,
      "static_mean_auc": 0.755076,
      "oracle_auc": 0.7954600000000001,
      "best_expert": "DNABERT6",
      "per_expert_auc": {
        "ConvNet": 0.6643,
        "DeepSEA": 0.7479,
        "DanQ": 0.7372,
        "DNABERT6": 0.7955
      },
      "hetmoe_brier": 0.21319170588448744,
      "hetmoe_ece": 0.16841155755519868,
      "gate_entropy": 1.1512116193771362
    },
    "in_distribution::GATA3": {
      "data_type": "in_distribution",
      "tf": "GATA3",
      "hetmoe_auc": 0.8276560000000001,
      "static_mean_auc": 0.7682260000000001,
      "oracle_auc": 0.779964,
      "best_expert": "DNABERT6",
      "per_expert_auc": {
        "ConvNet": 0.6696,
        "DeepSEA": 0.7754,
        "DanQ": 0.7701,
        "DNABERT6": 0.78
      },
      "hetmoe_brier": 0.21853378410071658,
      "hetmoe_ece": 0.18616327779740094,
      "gate_entropy": 1.1507905721664429
    },
    "in_distribution::JUND": {
      "data_type": "in_distribution",
      "tf": "JUND",
      "hetmoe_auc": 0.9251639999999999,
      "static_mean_auc": 0.79924,
      "oracle_auc": 0.820752,
      "best_expert": "DNABERT6",
      "per_expert_auc": {
        "ConvNet": 0.7124,
        "DeepSEA": 0.8013,
        "DanQ": 0.791,
        "DNABERT6": 0.8208
      },
      "hetmoe_brier": 0.20470309516816787,
      "hetmoe_ece": 0.22837159537896512,
      "gate_entropy": 1.1652556657791138
    },
    "in_distribution::MAX": {
      "data_type": "in_distribution",
      "tf": "MAX",
      "hetmoe_auc": 0.9250240000000001,
      "static_mean_auc": 0.8554200000000001,
      "oracle_auc": 0.871192,
      "best_expert": "DNABERT6",
      "per_expert_auc": {
        "ConvNet": 0.7826,
        "DeepSEA": 0.8335,
        "DanQ": 0.8196,
        "DNABERT6": 0.8712
      },
      "hetmoe_brier": 0.11944253111318036,
      "hetmoe_ece": 0.08005632904917001,
      "gate_entropy": 1.1996909379959106
    },
    "in_distribution::GABPA": {
      "data_type": "in_distribution",
      "tf": "GABPA",
      "hetmoe_auc": 0.94854,
      "static_mean_auc": 0.920812,
      "oracle_auc": 0.916068,
      "best_expert": "DNABERT6",
      "per_expert_auc": {
        "ConvNet": 0.8608,
        "DeepSEA": 0.9003,
        "DanQ": 0.9067,
        "DNABERT6": 0.9161
      },
      "hetmoe_brier": 0.09967385268977713,
      "hetmoe_ece": 0.07421884872019292,
      "gate_entropy": 1.1975005865097046
    },
    "in_distribution::SP1": {
      "data_type": "in_distribution",
      "tf": "SP1",
      "hetmoe_auc": 0.7892600000000002,
      "static_mean_auc": 0.7171080000000001,
      "oracle_auc": 0.747572,
      "best_expert": "DNABERT6",
      "per_expert_auc": {
        "ConvNet": 0.6188,
        "DeepSEA": 0.7146,
        "DanQ": 0.7034,
        "DNABERT6": 0.7476
      },
      "hetmoe_brier": 0.20911412282694306,
      "hetmoe_ece": 0.1414632282331586,
      "gate_entropy": 1.2037248611450195
    },
    "out_of_distribution::JUN": {
      "data_type": "out_of_distribution",
      "tf": "JUN",
      "hetmoe_auc": 0.9224200000000001,
      "static_mean_auc": 0.806512,
      "oracle_auc": 0.825064,
      "best_expert": "DNABERT6",
      "per_expert_auc": {
        "ConvNet": 0.7108,
        "DeepSEA": 0.8132,
        "DanQ": 0.7958,
        "DNABERT6": 0.8251
      },
      "hetmoe_brier": 0.18696113554925867,
      "hetmoe_ece": 0.2026109692491591,
      "gate_entropy": 1.1677539348602295
    },
    "out_of_distribution::FOSL1": {
      "data_type": "out_of_distribution",
      "tf": "FOSL1",
      "hetmoe_auc": 0.9121800000000001,
      "static_mean_auc": 0.792688,
      "oracle_auc": 0.809864,
      "best_expert": "DNABERT6",
      "per_expert_auc": {
        "ConvNet": 0.6934,
        "DeepSEA": 0.8013,
        "DanQ": 0.7881,
        "DNABERT6": 0.8099
      },
      "hetmoe_brier": 0.22758937185594044,
      "hetmoe_ece": 0.2515549228489399,
      "gate_entropy": 1.1629494428634644
    },
    "out_of_distribution::ATF3": {
      "data_type": "out_of_distribution",
      "tf": "ATF3",
      "hetmoe_auc": 0.8289880000000001,
      "static_mean_auc": 0.7396320000000001,
      "oracle_auc": 0.7794719999999999,
      "best_expert": "DNABERT6",
      "per_expert_auc": {
        "ConvNet": 0.6598,
        "DeepSEA": 0.7341,
        "DanQ": 0.7206,
        "DNABERT6": 0.7795
      },
      "hetmoe_brier": 0.18837334235042744,
      "hetmoe_ece": 0.12891417375952005,
      "gate_entropy": 1.20786452293396
    },
    "out_of_distribution::MYC": {
      "data_type": "out_of_distribution",
      "tf": "MYC",
      "hetmoe_auc": 0.9072640000000002,
      "static_mean_auc": 0.850112,
      "oracle_auc": 0.863324,
      "best_expert": "DNABERT6",
      "per_expert_auc": {
        "ConvNet": 0.7894,
        "DeepSEA": 0.8282,
        "DanQ": 0.8124,
        "DNABERT6": 0.8633
      },
      "hetmoe_brier": 0.13155110110391713,
      "hetmoe_ece": 0.07348726347461342,
      "gate_entropy": 1.1982687711715698
    },
    "out_of_distribution::MXI1": {
      "data_type": "out_of_distribution",
      "tf": "MXI1",
      "hetmoe_auc": 0.8689600000000001,
      "static_mean_auc": 0.822176,
      "oracle_auc": 0.8355039999999999,
      "best_expert": "DNABERT6",
      "per_expert_auc": {
        "ConvNet": 0.7415,
        "DeepSEA": 0.8093,
        "DanQ": 0.7954,
        "DNABERT6": 0.8355
      },
      "hetmoe_brier": 0.1548313364833747,
      "hetmoe_ece": 0.07581571477279068,
      "gate_entropy": 1.2117162942886353
    },
    "out_of_distribution::USF1": {
      "data_type": "out_of_distribution",
      "tf": "USF1",
      "hetmoe_auc": 0.9304880000000001,
      "static_mean_auc": 0.845608,
      "oracle_auc": 0.865,
      "best_expert": "DNABERT6",
      "per_expert_auc": {
        "ConvNet": 0.7509,
        "DeepSEA": 0.8452,
        "DanQ": 0.8343,
        "DNABERT6": 0.865
      },
      "hetmoe_brier": 0.12926079509882968,
      "hetmoe_ece": 0.11314557864889503,
      "gate_entropy": 1.1905066967010498
    },
    "out_of_distribution::ELF1": {
      "data_type": "out_of_distribution",
      "tf": "ELF1",
      "hetmoe_auc": 0.956652,
      "static_mean_auc": 0.915516,
      "oracle_auc": 0.910616,
      "best_expert": "DNABERT6",
      "per_expert_auc": {
        "ConvNet": 0.859,
        "DeepSEA": 0.907,
        "DanQ": 0.894,
        "DNABERT6": 0.9106
      },
      "hetmoe_brier": 0.09730140755840505,
      "hetmoe_ece": 0.08872697898745538,
      "gate_entropy": 1.1901334524154663
    },
    "out_of_distribution::ETS1": {
      "data_type": "out_of_distribution",
      "tf": "ETS1",
      "hetmoe_auc": 0.8541920000000002,