{
  "tag": "full12_ent1e-2",
  "seed": 42,
  "num_experts": 12,
  "config": {
    "l2norm": true,
    "entropy_reg": 0.01,
    "gate_temperature": 1.0,
    "embedding_dim": 32
  },
  "expert_order": [
    "ConvNet::ARID3A",
    "ConvNet::FOXM1",
    "ConvNet::GATA3",
    "DeepSEA::ARID3A",
    "DeepSEA::FOXM1",
    "DeepSEA::GATA3",
    "DanQ::ARID3A",
    "DanQ::FOXM1",
    "DanQ::GATA3",
    "DNABERT6::ARID3A",
    "DNABERT6::FOXM1",
    "DNABERT6::GATA3"
  ],
  "gate_val_auc": 0.9761689235234144,
  "mean_gate_entropy": 2.3375696341196694,
  "ood_mean_hetmoe": 0.773552,
  "ood_mean_oracle": 0.7842736666666666,
  "ood_mean_static": 0.7222286666666666,
  "ood_learnable_hetmoe": 0.850672,
  "ood_learnable_oracle": 0.8497809999999999,
  "ood_indirect_hetmoe": 0.734992,
  "indist_mean_hetmoe": 0.8290393333333332,
  "dnabert_ref_ood": 0.7492,
  "deepsea_ref_ood": 0.6918,
  "danq_ref_ood": 0.6881,
  "per_dataset": {
    "in_distribution::ARID3A": {
      "data_type": "in_distribution",
      "tf": "ARID3A",
      "hetmoe_auc": 0.8262919999999999,
      "static_mean_auc": 0.73798,
      "oracle_auc": 0.8445479999999999,
      "best_expert": "DNABERT6::ARID3A",
      "per_expert_auc": {
        "ConvNet::ARID3A": 0.7533,
        "ConvNet::FOXM1": 0.5897,
        "ConvNet::GATA3": 0.6018,
        "DeepSEA::ARID3A": 0.7841,
        "DeepSEA::FOXM1": 0.6304,
        "DeepSEA::GATA3": 0.6472,
        "DanQ::ARID3A": 0.8113,
        "DanQ::FOXM1": 0.6311,
        "DanQ::GATA3": 0.6073,
        "DNABERT6::ARID3A": 0.8445,
        "DNABERT6::FOXM1": 0.6949,
        "DNABERT6::GATA3": 0.7049
      },
      "hetmoe_brier": 0.2130000273590486,
      "hetmoe_ece": 0.17742201444134115,
      "gate_entropy": 2.3432695865631104
    },
    "in_distribution::FOXM1": {
      "data_type": "in_distribution",
      "tf": "FOXM1",
      "hetmoe_auc": 0.817048,
      "static_mean_auc": 0.742028,
      "oracle_auc": 0.8696599999999999,
      "best_expert": "DNABERT6::FOXM1",
      "per_expert_auc": {
        "ConvNet::ARID3A": 0.5756,
        "ConvNet::FOXM1": 0.7251,
        "ConvNet::GATA3": 0.5878,
        "DeepSEA::ARID3A": 0.6582,
        "DeepSEA::FOXM1": 0.8335,
        "DeepSEA::GATA3": 0.6148,
        "DanQ::ARID3A": 0.6278,
        "DanQ::FOXM1": 0.8178,
        "DanQ::GATA3": 0.6106,
        "DNABERT6::ARID3A": 0.7348,
        "DNABERT6::FOXM1": 0.8697,
        "DNABERT6::GATA3": 0.713
      },
      "hetmoe_brier": 0.21712784613437855,
      "hetmoe_ece": 0.180974874895066,
      "gate_entropy": 2.3488540649414062
    },
    "in_distribution::GATA3": {
      "data_type": "in_distribution",
      "tf": "GATA3",
      "hetmoe_auc": 0.8437780000000001,
      "static_mean_auc": 0.758068,
      "oracle_auc": 0.876816,
      "best_expert": "DNABERT6::GATA3",
      "per_expert_auc": {
        "ConvNet::ARID3A": 0.6221,
        "ConvNet::FOXM1": 0.6147,
        "ConvNet::GATA3": 0.7812,
        "DeepSEA::ARID3A": 0.6767,
        "DeepSEA::FOXM1": 0.6385,
        "DeepSEA::GATA3": 0.8584,
        "DanQ::ARID3A": 0.6621,
        "DanQ::FOXM1": 0.6473,
        "DanQ::GATA3": 0.8333,
        "DNABERT6::ARID3A": 0.7236,
        "DNABERT6::FOXM1": 0.6809,
        "DNABERT6::GATA3": 0.8768
      },
      "hetmoe_brier": 0.20923974701850653,
      "hetmoe_ece": 0.18779745318740604,
      "gate_entropy": 2.311192274093628
    },
    "out_of_distribution::BCLAF1": {
      "data_type": "out_of_distribution",
      "tf": "BCLAF1",
      "hetmoe_auc": 0.7671080000000001,
      "static_mean_auc": 0.708456,
      "oracle_auc": 0.759484,
      "best_expert": "DNABERT6::FOXM1",
      "per_expert_auc": {
        "ConvNet::ARID3A": 0.6077,
        "ConvNet::FOXM1": 0.6777,
        "ConvNet::GATA3": 0.5519,
        "DeepSEA::ARID3A": 0.649,
        "DeepSEA::FOXM1": 0.7087,
        "DeepSEA::GATA3": 0.5878,
        "DanQ::ARID3A": 0.6479,
        "DanQ::FOXM1": 0.6813,
        "DanQ::GATA3": 0.5419,
        "DNABERT6::ARID3A": 0.729,
        "DNABERT6::FOXM1": 0.7595,
        "DNABERT6::GATA3": 0.6588
      },
      "hetmoe_brier": 0.23132931945443358,
      "hetmoe_ece": 0.1793645766712725,
      "gate_entropy": 2.334671974182129
    },
    "out_of_distribution::CTCF": {
      "data_type": "out_of_distribution",
      "tf": "CTCF",
      "hetmoe_auc": 0.922288,
      "static_mean_auc": 0.8169039999999999,
      "oracle_auc": 0.9089299999999999,
      "best_expert": "DanQ::ARID3A",
      "per_expert_auc": {
        "ConvNet::ARID3A": 0.8946,
        "ConvNet::FOXM1": 0.8777,
        "ConvNet::GATA3": 0.5711,
        "DeepSEA::ARID3A": 0.8576,
        "DeepSEA::FOXM1": 0.8742,
        "DeepSEA::GATA3": 0.5794,
        "DanQ::ARID3A": 0.9089,
        "DanQ::FOXM1": 0.8907,
        "DanQ::GATA3": 0.5669,
        "DNABERT6::ARID3A": 0.7939,
        "DNABERT6::FOXM1": 0.8007,
        "DNABERT6::GATA3": 0.6315
      },
      "hetmoe_brier": 0.18689292512388023,
      "hetmoe_ece": 0.19439991608075802,
      "gate_entropy": 2.3527700901031494
    },
    "out_of_distribution::POLR2A": {
      "data_type": "out_of_distribution",
      "tf": "POLR2A",
      "hetmoe_auc": 0.7317319999999998,
      "static_mean_auc": 0.6946319999999999,
      "oracle_auc": 0.7618120000000002,
      "best_expert": "DNABERT6::FOXM1",
      "per_expert_auc": {
        "ConvNet::ARID3A": 0.5505,
        "ConvNet::FOXM1": 0.6386,
        "ConvNet::GATA3": 0.5557,
        "DeepSEA::ARID3A": 0.6232,
        "DeepSEA::FOXM1": 0.6737,
        "DeepSEA::GATA3": 0.5683,
        "DanQ::ARID3A": 0.5983,
        "DanQ::FOXM1": 0.678,
        "DanQ::GATA3": 0.548,
        "DNABERT6::ARID3A": 0.7282,
        "DNABERT6::FOXM1": 0.7618,
        "DNABERT6::GATA3": 0.6592
      },
      "hetmoe_brier": 0.26228329971600584,
      "hetmoe_ece": 0.21961352530121805,
      "gate_entropy": 2.3297250270843506
    },
    "out_of_distribution::RBBP5": {
      "data_type": "out_of_distribution",
      "tf": "RBBP5",
      "hetmoe_auc": 0.727808,
      "static_mean_auc": 0.6971639999999999,
      "oracle_auc": 0.738156,
      "best_expert": "DNABERT6::FOXM1",
      "per_expert_auc": {
        "ConvNet::ARID3A": 0.5733,
        "ConvNet::FOXM1": 0.642,
        "ConvNet::GATA3": 0.5828,
        "DeepSEA::ARID3A": 0.6301,
        "DeepSEA::FOXM1": 0.6828,
        "DeepSEA::GATA3": 0.5934,
        "DanQ::ARID3A": 0.6315,
        "DanQ::FOXM1": 0.6715,
        "DanQ::GATA3": 0.5533,
        "DNABERT6::ARID3A": 0.7344,
        "DNABERT6::FOXM1": 0.7382,
        "DNABERT6::GATA3": 0.6788
      },
      "hetmoe_brier": 0.26169141195160694,
      "hetmoe_ece": 0.2125966380722821,
      "gate_entropy": 2.3348755836486816
    },
    "out_of_distribution::SAP30": {
      "data_type": "out_of_distribution",
      "tf": "SAP30",
      "hetmoe_auc": 0.71332,
      "static_mean_auc": 0.69038,
      "oracle_auc": 0.746628,
      "best_expert": "DNABERT6::FOXM1",
      "per_expert_auc": {
        "ConvNet::ARID3A": 0.5793,
        "ConvNet::FOXM1": 0.6269,
        "ConvNet::GATA3": 0.5442,
        "DeepSEA::ARID3A": 0.5956,
        "DeepSEA::FOXM1": 0.6523,
        "DeepSEA::GATA3": 0.5581,
        "DanQ::ARID3A": 0.6087,
        "DanQ::FOXM1": 0.6657,
        "DanQ::GATA3": 0.5593,
        "DNABERT6::ARID3A": 0.7235,
        "DNABERT6::FOXM1": 0.7466,
        "DNABERT6::GATA3": 0.666
      },
      "hetmoe_brier": 0.2677274223096764,
      "hetmoe_ece": 0.2166969929486513,
      "gate_entropy": 2.3315634727478027
    },
    "out_of_distribution::STAT3": {
      "data_type": "out_of_distribution",
      "tf": "STAT3",
      "hetmoe_auc": 0.779056,
      "static_mean_auc": 0.7258360000000001,
      "oracle_auc": 0.790632,
      "best_expert": "DNABERT6::FOXM1",
      "per_expert_auc": {
        "ConvNet::ARID3A": 0.5999,
        "ConvNet::FOXM1": 0.6269,
        "ConvNet::GATA3": 0.5732,
        "DeepSEA::ARID3A": 0.7176,
        "DeepSEA::FOXM1": 0.7555,
        "DeepSEA::GATA3": 0.6253,
        "DanQ::ARID3A": 0.6962,
        "DanQ::FOXM1": 0.7308,