{
  "tag": "convnet_dnabert6_6",
  "seed": 42,
  "num_experts": 6,
  "config": {
    "l2norm": true,
    "entropy_reg": 0.001,
    "gate_temperature": 1.0,
    "embedding_dim": 32
  },
  "expert_order": [
    "ConvNet::ARID3A",
    "ConvNet::FOXM1",
    "ConvNet::GATA3",
    "DNABERT6::ARID3A",
    "DNABERT6::FOXM1",
    "DNABERT6::GATA3"
  ],
  "gate_val_auc": 0.9497374237163195,
  "mean_gate_entropy": 1.3820237053765192,
  "ood_mean_hetmoe": 0.7818519999999999,
  "ood_mean_oracle": 0.7818806666666668,
  "ood_mean_static": 0.7276453333333333,
  "ood_learnable_hetmoe": 0.836408,
  "ood_learnable_oracle": 0.8426020000000001,
  "ood_indirect_hetmoe": 0.754574,
  "indist_mean_hetmoe": 0.8333919999999999,
  "dnabert_ref_ood": 0.7492,
  "deepsea_ref_ood": 0.6918,
  "danq_ref_ood": 0.6881,
  "per_dataset": {
    "in_distribution::ARID3A": {
      "data_type": "in_distribution",
      "tf": "ARID3A",
      "hetmoe_auc": 0.825804,
      "static_mean_auc": 0.739084,
      "oracle_auc": 0.8445479999999999,
      "best_expert": "DNABERT6::ARID3A",
      "per_expert_auc": {
        "ConvNet::ARID3A": 0.7533,
        "ConvNet::FOXM1": 0.5897,
        "ConvNet::GATA3": 0.6018,
        "DNABERT6::ARID3A": 0.8445,
        "DNABERT6::FOXM1": 0.6949,
        "DNABERT6::GATA3": 0.7049
      },
      "hetmoe_brier": 0.19720335278339876,
      "hetmoe_ece": 0.1515544490888715,
      "gate_entropy": 1.3594390153884888
    },
    "in_distribution::FOXM1": {
      "data_type": "in_distribution",
      "tf": "FOXM1",
      "hetmoe_auc": 0.8340040000000001,
      "static_mean_auc": 0.746448,
      "oracle_auc": 0.8696599999999999,
      "best_expert": "DNABERT6::FOXM1",
      "per_expert_auc": {
        "ConvNet::ARID3A": 0.5756,
        "ConvNet::FOXM1": 0.7251,
        "ConvNet::GATA3": 0.5878,
        "DNABERT6::ARID3A": 0.7348,
        "DNABERT6::FOXM1": 0.8697,
        "DNABERT6::GATA3": 0.713
      },
      "hetmoe_brier": 0.18953832604203555,
      "hetmoe_ece": 0.13852122715115547,
      "gate_entropy": 1.4034552574157715
    },
    "in_distribution::GATA3": {
      "data_type": "in_distribution",
      "tf": "GATA3",
      "hetmoe_auc": 0.840368,
      "static_mean_auc": 0.7579199999999999,
      "oracle_auc": 0.876816,
      "best_expert": "DNABERT6::GATA3",
      "per_expert_auc": {
        "ConvNet::ARID3A": 0.6221,
        "ConvNet::FOXM1": 0.6147,
        "ConvNet::GATA3": 0.7812,
        "DNABERT6::ARID3A": 0.7236,
        "DNABERT6::FOXM1": 0.6809,
        "DNABERT6::GATA3": 0.8768
      },
      "hetmoe_brier": 0.200174457205891,
      "hetmoe_ece": 0.16560279405117034,
      "gate_entropy": 1.2722594738006592
    },
    "out_of_distribution::BCLAF1": {
      "data_type": "out_of_distribution",
      "tf": "BCLAF1",
      "hetmoe_auc": 0.776216,
      "static_mean_auc": 0.7221759999999999,
      "oracle_auc": 0.759484,
      "best_expert": "DNABERT6::FOXM1",
      "per_expert_auc": {
        "ConvNet::ARID3A": 0.6077,
        "ConvNet::FOXM1": 0.6777,
        "ConvNet::GATA3": 0.5519,
        "DNABERT6::ARID3A": 0.729,
        "DNABERT6::FOXM1": 0.7595,
        "DNABERT6::GATA3": 0.6588
      },
      "hetmoe_brier": 0.20858399697775445,
      "hetmoe_ece": 0.12472353103756906,
      "gate_entropy": 1.3741596937179565
    },
    "out_of_distribution::CTCF": {
      "data_type": "out_of_distribution",
      "tf": "CTCF",
      "hetmoe_auc": 0.895972,
      "static_mean_auc": 0.8028839999999999,
      "oracle_auc": 0.894572,
      "best_expert": "ConvNet::ARID3A",
      "per_expert_auc": {
        "ConvNet::ARID3A": 0.8946,
        "ConvNet::FOXM1": 0.8777,
        "ConvNet::GATA3": 0.5711,
        "DNABERT6::ARID3A": 0.7939,
        "DNABERT6::FOXM1": 0.8007,
        "DNABERT6::GATA3": 0.6315
      },
      "hetmoe_brier": 0.16996667613366934,
      "hetmoe_ece": 0.1665413261502981,
      "gate_entropy": 1.4329450130462646
    },
    "out_of_distribution::POLR2A": {
      "data_type": "out_of_distribution",
      "tf": "POLR2A",
      "hetmoe_auc": 0.7569359999999999,
      "static_mean_auc": 0.7102,
      "oracle_auc": 0.7618120000000002,
      "best_expert": "DNABERT6::FOXM1",
      "per_expert_auc": {
        "ConvNet::ARID3A": 0.5505,
        "ConvNet::FOXM1": 0.6386,
        "ConvNet::GATA3": 0.5557,
        "DNABERT6::ARID3A": 0.7282,
        "DNABERT6::FOXM1": 0.7618,
        "DNABERT6::GATA3": 0.6592
      },
      "hetmoe_brier": 0.224456124029972,
      "hetmoe_ece": 0.15655866715684535,
      "gate_entropy": 1.4038161039352417
    },
    "out_of_distribution::RBBP5": {
      "data_type": "out_of_distribution",
      "tf": "RBBP5",
      "hetmoe_auc": 0.741412,
      "static_mean_auc": 0.710052,
      "oracle_auc": 0.738156,
      "best_expert": "DNABERT6::FOXM1",
      "per_expert_auc": {
        "ConvNet::ARID3A": 0.5733,
        "ConvNet::FOXM1": 0.642,
        "ConvNet::GATA3": 0.5828,
        "DNABERT6::ARID3A": 0.7344,
        "DNABERT6::FOXM1": 0.7382,
        "DNABERT6::GATA3": 0.6788
      },
      "hetmoe_brier": 0.23438134554244827,
      "hetmoe_ece": 0.1583997861146927,
      "gate_entropy": 1.4071550369262695
    },
    "out_of_distribution::SAP30": {
      "data_type": "out_of_distribution",
      "tf": "SAP30",
      "hetmoe_auc": 0.743732,
      "static_mean_auc": 0.710448,
      "oracle_auc": 0.746628,
      "best_expert": "DNABERT6::FOXM1",
      "per_expert_auc": {
        "ConvNet::ARID3A": 0.5793,
        "ConvNet::FOXM1": 0.6269,
        "ConvNet::GATA3": 0.5442,
        "DNABERT6::ARID3A": 0.7235,
        "DNABERT6::FOXM1": 0.7466,
        "DNABERT6::GATA3": 0.666
      },
      "hetmoe_brier": 0.23777990399153687,
      "hetmoe_ece": 0.16560606459528207,
      "gate_entropy": 1.4007080793380737
    },
    "out_of_distribution::STAT3": {
      "data_type": "out_of_distribution",
      "tf": "STAT3",
      "hetmoe_auc": 0.776844,
      "static_mean_auc": 0.7101120000000001,
      "oracle_auc": 0.790632,
      "best_expert": "DNABERT6::FOXM1",
      "per_expert_auc": {
        "ConvNet::ARID3A": 0.5999,
        "ConvNet::FOXM1": 0.6269,
        "ConvNet::GATA3": 0.5732,
        "DNABERT6::ARID3A": 0.7592,
        "DNABERT6::FOXM1": 0.7906,
        "DNABERT6::GATA3": 0.6944
      },
      "hetmoe_brier": 0.22077521703119854,
      "hetmoe_ece": 0.15285015040636063,
      "gate_entropy": 1.3842756748199463
    }
  }
}