{
  "tag": "dnabert6_only_3",
  "seed": 3,
  "num_experts": 3,
  "config": {
    "l2norm": true,
    "entropy_reg": 0.0,
    "gate_temperature": 1.0,
    "embedding_dim": 32
  },
  "expert_order": [
    "DNABERT6::ARID3A",
    "DNABERT6::FOXM1",
    "DNABERT6::GATA3"
  ],
  "gate_val_auc": 0.9462973543179944,
  "mean_gate_entropy": 0.6892513102955289,
  "ood_mean_hetmoe": 0.7722349999999999,
  "ood_mean_oracle": 0.7769486666666667,
  "ood_mean_static": 0.739507,
  "ood_learnable_hetmoe": 0.821769,
  "ood_learnable_oracle": 0.834182,
  "ood_indirect_hetmoe": 0.747468,
  "indist_mean_hetmoe": 0.8092973333333333,
  "dnabert_ref_ood": 0.7492,
  "deepsea_ref_ood": 0.6918,
  "danq_ref_ood": 0.6881,
  "per_dataset": {
    "in_distribution::ARID3A": {
      "data_type": "in_distribution",
      "tf": "ARID3A",
      "hetmoe_auc": 0.791844,
      "static_mean_auc": 0.761368,
      "oracle_auc": 0.841468,
      "best_expert": "DNABERT6::ARID3A",
      "per_expert_auc": {
        "DNABERT6::ARID3A": 0.8415,
        "DNABERT6::FOXM1": 0.6979,
        "DNABERT6::GATA3": 0.6982
      },
      "hetmoe_brier": 0.21225200753976584,
      "hetmoe_ece": 0.14818958158791068,
      "gate_entropy": 0.7643911242485046
    },
    "in_distribution::FOXM1": {
      "data_type": "in_distribution",
      "tf": "FOXM1",
      "hetmoe_auc": 0.824228,
      "static_mean_auc": 0.779568,
      "oracle_auc": 0.864068,
      "best_expert": "DNABERT6::FOXM1",
      "per_expert_auc": {
        "DNABERT6::ARID3A": 0.7261,
        "DNABERT6::FOXM1": 0.8641,
        "DNABERT6::GATA3": 0.7094
      },
      "hetmoe_brier": 0.2007234666015144,
      "hetmoe_ece": 0.148229451071471,
      "gate_entropy": 0.679147481918335
    },
    "in_distribution::GATA3": {
      "data_type": "in_distribution",
      "tf": "GATA3",
      "hetmoe_auc": 0.81182,
      "static_mean_auc": 0.7652319999999999,
      "oracle_auc": 0.858944,
      "best_expert": "DNABERT6::GATA3",
      "per_expert_auc": {
        "DNABERT6::ARID3A": 0.7324,
        "DNABERT6::FOXM1": 0.6789,
        "DNABERT6::GATA3": 0.8589
      },
      "hetmoe_brier": 0.21617811384408037,
      "hetmoe_ece": 0.17629081425443294,
      "gate_entropy": 0.7305741310119629
    },
    "out_of_distribution::BCLAF1": {
      "data_type": "out_of_distribution",
      "tf": "BCLAF1",
      "hetmoe_auc": 0.7669400000000001,
      "static_mean_auc": 0.7299239999999999,
      "oracle_auc": 0.760552,
      "best_expert": "DNABERT6::FOXM1",
      "per_expert_auc": {
        "DNABERT6::ARID3A": 0.7247,
        "DNABERT6::FOXM1": 0.7606,
        "DNABERT6::GATA3": 0.6437
      },
      "hetmoe_brier": 0.2104377219296958,
      "hetmoe_ece": 0.11479798753932118,
      "gate_entropy": 0.6606526970863342
    },
    "out_of_distribution::CTCF": {
      "data_type": "out_of_distribution",
      "tf": "CTCF",
      "hetmoe_auc": 0.8783319999999999,
      "static_mean_auc": 0.801984,
      "oracle_auc": 0.88624,
      "best_expert": "DNABERT6::FOXM1",
      "per_expert_auc": {
        "DNABERT6::ARID3A": 0.8402,
        "DNABERT6::FOXM1": 0.8862,
        "DNABERT6::GATA3": 0.6488
      },
      "hetmoe_brier": 0.18912481760998678,
      "hetmoe_ece": 0.18143715232610702,
      "gate_entropy": 0.6863593459129333
    },
    "out_of_distribution::POLR2A": {
      "data_type": "out_of_distribution",
      "tf": "POLR2A",
      "hetmoe_auc": 0.751892,
      "static_mean_auc": 0.7196400000000001,
      "oracle_auc": 0.756372,
      "best_expert": "DNABERT6::FOXM1",
      "per_expert_auc": {
        "DNABERT6::ARID3A": 0.7128,
        "DNABERT6::FOXM1": 0.7564,
        "DNABERT6::GATA3": 0.6146
      },
      "hetmoe_brier": 0.21284363094602754,
      "hetmoe_ece": 0.09529140704125168,
      "gate_entropy": 0.6404760479927063
    },
    "out_of_distribution::RBBP5": {
      "data_type": "out_of_distribution",
      "tf": "RBBP5",
      "hetmoe_auc": 0.7366999999999999,
      "static_mean_auc": 0.723826,
      "oracle_auc": 0.7328399999999999,
      "best_expert": "DNABERT6::FOXM1",
      "per_expert_auc": {
        "DNABERT6::ARID3A": 0.7212,
        "DNABERT6::FOXM1": 0.7328,
        "DNABERT6::GATA3": 0.6502
      },
      "hetmoe_brier": 0.22738559073429235,
      "hetmoe_ece": 0.134943191409111,
      "gate_entropy": 0.6696843504905701
    },
    "out_of_distribution::SAP30": {
      "data_type": "out_of_distribution",
      "tf": "SAP30",
      "hetmoe_auc": 0.7343399999999999,
      "static_mean_auc": 0.7103079999999999,
      "oracle_auc": 0.743564,
      "best_expert": "DNABERT6::FOXM1",
      "per_expert_auc": {
        "DNABERT6::ARID3A": 0.699,
        "DNABERT6::FOXM1": 0.7436,
        "DNABERT6::GATA3": 0.6276
      },
      "hetmoe_brier": 0.22749060117290532,
      "hetmoe_ece": 0.12221413500607012,
      "gate_entropy": 0.64867103099823
    },
    "out_of_distribution::STAT3": {
      "data_type": "out_of_distribution",
      "tf": "STAT3",
      "hetmoe_auc": 0.765206,
      "static_mean_auc": 0.75136,
      "oracle_auc": 0.7821239999999998,
      "best_expert": "DNABERT6::FOXM1",
      "per_expert_auc": {
        "DNABERT6::ARID3A": 0.7406,
        "DNABERT6::FOXM1": 0.7821,
        "DNABERT6::GATA3": 0.6832
      },
      "hetmoe_brier": 0.2360421036352955,
      "hetmoe_ece": 0.17388602535426617,
      "gate_entropy": 0.7233055830001831
    }
  }
}