method,faithfulness_to_ISM,stability
vanilla_corr,0.6539939990814232,0.9330122608069291
shiftsmooth_corr,0.6518979785928491,0.9448417713056655
smoothgrad_corr,0.6445033405268604,0.8806759713235315
smoothgrad,0.6049971015709615,0.8832979454125273
shiftsmooth,0.5929033021453071,0.9493752631034805
gradxinp,0.5908055460399106,0.9377485295072753
vanilla,0.5908055460399106,0.9377485295072753
