{
  "config": {
    "l2norm": true,
    "entropy_reg": 0.001,
    "gate_temperature": 1.0,
    "seed": 3,
    "num_experts": 12,
    "expert_order": [
      "ConvNet::ARID3A",
      "ConvNet::FOXM1",
      "ConvNet::GATA3",
      "DeepSEA::ARID3A",
      "DeepSEA::FOXM1",
      "DeepSEA::GATA3",
      "DanQ::ARID3A",
      "DanQ::FOXM1",
      "DanQ::GATA3",
      "DNABERT6::ARID3A",
      "DNABERT6::FOXM1",
      "DNABERT6::GATA3"
    ]
  },
  "ood_mean": {
    "HetMoE": 0.7755486666666668,
    "static_mean": 0.725048,
    "best_single": 0.7397553333333334,
    "DNABERT": 0.7348046666666667
  },
  "ood_learnable_hetmoe": 0.854878,
  "ood_indirect_hetmoe": 0.735884,
  "indist_mean_hetmoe": 0.8362106666666667,
  "ood_mean_ece": 0.18258425720594826,
  "ood_mean_brier": 0.23008749565802666,
  "tost_margin": 0.01,
  "per_dataset": {
    "in_distribution::ARID3A": {
      "data_type": "in_distribution",
      "tf": "ARID3A",
      "HetMoE_auc": 0.8331,
      "HetMoE_ci": [
        0.807448065307438,
        0.8570124699970748
      ],
      "static_mean_auc": 0.744816,
      "static_mean_ci": [
        0.7138026695526696,
        0.7735430744170496
      ],
      "best_single_auc": 0.841468,
      "best_single_ci": [
        0.8176880553560629,
        0.8654954550411921
      ],
      "DNABERT_auc": 0.739112,
      "DNABERT_ci": [
        0.7099910670031688,
        0.7680113875
      ],
      "HetMoE_brier": 0.19058616582104235,
      "HetMoE_ece": 0.12963890582323076,
      "gate_entropy": 2.2585909366607666,
      "gate_weights": [
        0.04356445372104645,
        0.05060722678899765,
        0.08508609980344772,
        0.13761405646800995,
        0.05607368424534798,
        0.12372665852308273,
        0.11680315434932709,
        0.07613074034452438,
        0.044664088636636734,
        0.0726241022348404,
        0.09106966853141785,
        0.10203609615564346
      ]
    },
    "in_distribution::FOXM1": {
      "data_type": "in_distribution",
      "tf": "FOXM1",
      "HetMoE_auc": 0.8345239999999999,
      "HetMoE_ci": [
        0.8071512673088189,
        0.8574864706320696
      ],
      "static_mean_auc": 0.743892,
      "static_mean_ci": [
        0.7130106050985745,
        0.7720756544856553
      ],
      "best_single_auc": 0.726108,
      "best_single_ci": [
        0.6931108512650206,
        0.7537443609306217
      ],
      "DNABERT_auc": 0.775972,
      "DNABERT_ci": [
        0.7469816831086111,
        0.8045050000759684
      ],
      "HetMoE_brier": 0.20175550536027945,
      "HetMoE_ece": 0.1578242652416229,
      "gate_entropy": 2.2578301429748535,
      "gate_weights": [
        0.057020772248506546,
        0.0544111542403698,
        0.08590161800384521,
        0.14556968212127686,
        0.07240229845046997,
        0.09571214020252228,
        0.07612122595310211,
        0.07476260513067245,
        0.04423784837126732,
        0.04585416615009308,
        0.15796512365341187,
        0.09004154056310654
      ]
    },
    "in_distribution::GATA3": {
      "data_type": "in_distribution",
      "tf": "GATA3",
      "HetMoE_auc": 0.8410080000000001,
      "HetMoE_ci": [
        0.8180421284653169,
        0.8661696960651092
      ],
      "static_mean_auc": 0.7594879999999999,
      "static_mean_ci": [
        0.7301155593285702,
        0.7894794431541766
      ],
      "best_single_auc": 0.7323679999999999,
      "best_single_ci": [
        0.7012051449435998,
        0.7617014678319591
      ],
      "DNABERT_auc": 0.7734920000000001,
      "DNABERT_ci": [
        0.745222493373222,
        0.8013680658678454
      ],
      "HetMoE_brier": 0.2016200892050694,
      "HetMoE_ece": 0.17452251831069587,
      "gate_entropy": 2.2017834186553955,
      "gate_weights": [
        0.03557794541120529,
        0.04970385879278183,
        0.08232893794775009,
        0.13855040073394775,
        0.0459802970290184,
        0.16739371418952942,
        0.06903138756752014,
        0.08104053139686584,
        0.04482646286487579,
        0.04188546910881996,
        0.08442667126655579,
        0.1592543125152588
      ]
    },
    "out_of_distribution::BCLAF1": {
      "data_type": "out_of_distribution",
      "tf": "BCLAF1",
      "HetMoE_auc": 0.763952,
      "HetMoE_ci": [
        0.735699905743776,
        0.791790652358469
      ],
      "static_mean_auc": 0.7079880000000001,
      "static_mean_ci": [
        0.6773692287690352,
        0.736834426320893
      ],
      "best_single_auc": 0.7247159999999999,
      "best_single_ci": [
        0.6933336879964855,
        0.7539494534762566
      ],
      "DNABERT_auc": 0.7332479999999999,
      "DNABERT_ci": [
        0.7020848766580288,
        0.7624320294693537
      ],
      "HetMoE_brier": 0.2262016809853157,
      "HetMoE_ece": 0.16597557690739634,
      "gate_entropy": 2.298100471496582,
      "gate_weights": [
        0.06728558987379074,
        0.0567370280623436,
        0.09043353796005249,
        0.10018882155418396,
        0.10645104944705963,
        0.08258788287639618,
        0.09361963719129562,
        0.1240193247795105,
        0.05203388258814812,
        0.04950696602463722,
        0.1202392578125,
        0.056896619498729706
      ]
    },
    "out_of_distribution::CTCF": {
      "data_type": "out_of_distribution",
      "tf": "CTCF",
      "HetMoE_auc": 0.9372079999999999,
      "HetMoE_ci": [
        0.9223488562557854,
        0.9512047514152784
      ],
      "static_mean_auc": 0.8179960000000001,
      "static_mean_ci": [
        0.7901073943446336,
        0.8434839340372957
      ],
      "best_single_auc": 0.8402160000000001,
      "best_single_ci": [
        0.8157275146652934,
        0.8635147400781005
      ],
      "DNABERT_auc": 0.80128,
      "DNABERT_ci": [
        0.7712178310372967,
        0.8284214386655833
      ],
      "HetMoE_brier": 0.16844100522906452,
      "HetMoE_ece": 0.18755716091766955,
      "gate_entropy": 2.3128914833068848,
      "gate_weights": [
        0.08626400679349899,
        0.05889251455664635,
        0.08522695302963257,
        0.11046037822961807,
        0.07290015369653702,
        0.0924215093255043,
        0.09237776696681976,
        0.09868824481964111,
        0.045713312923908234,
        0.05822246894240379,
        0.12668174505233765,
        0.07215072214603424
      ]
    },
    "out_of_distribution::POLR2A": {
      "data_type": "out_of_distribution",
      "tf": "POLR2A",
      "HetMoE_auc": 0.7378279999999999,
      "HetMoE_ci": [
        0.7086035508385078,
        0.7652924226946721
      ],
      "static_mean_auc": 0.696368,
      "static_mean_ci": [
        0.6652683268326832,
        0.7270521103121542
      ],
      "best_single_auc": 0.7128080000000001,
      "best_single_ci": [
        0.6810971640597809,
        0.7443674204602552
      ],
      "DNABERT_auc": 0.7157239999999999,
      "DNABERT_ci": [
        0.6841434883001251,
        0.7472183379671445
      ],
      "HetMoE_brier": 0.24335714863830243,
      "HetMoE_ece": 0.18374869404733185,
      "gate_entropy": 2.3212802410125732,
      "gate_weights": [
        0.07376566529273987,
        0.060916826128959656,
        0.09761829674243927,
        0.08200431615114212,
        0.12648406624794006,
        0.06524580717086792,
        0.08780545741319656,
        0.14603924751281738,
        0.057567842304706573,
        0.04606274142861366,
        0.12235745787620544,
        0.03413248807191849
      ]
    },
    "out_of_distribution::RBBP5": {
      "data_type": "out_of_distribution",
      "tf": "RBBP5",
      "HetMoE_auc": 0.7274400000000001,
      "HetMoE_ci": [
        0.6957631007694925,
        0.7577300242168771
      ],
      "static_mean_auc": 0.7048999999999999,
      "static_mean_ci": [
        0.6704291554744075,
        0.7387912812691251
      ],
      "best_single_auc": 0.721184,
      "best_single_ci": [
        0.6913697685666736,
        0.7533621021882633
      ],