{
  "tag": "grouped_by_backbone",
  "seed": 0,
  "num_experts": 4,
  "config": {
    "l2norm": true,
    "entropy_reg": 0.001,
    "gate_temperature": 1.0,
    "embedding_dim": 32
  },
  "expert_order": [
    "ConvNet",
    "DeepSEA",
    "DanQ",
    "DNABERT6"
  ],
  "gate_val_auc": 0.9321871090144005,
  "mean_gate_entropy": 0.9805944032139249,
  "ood_mean_hetmoe": 0.7682450434782607,
  "ood_mean_oracle": 0.7800855652173915,
  "ood_mean_static": 0.7346891304347826,
  "ood_within_family_hetmoe": 0.7847755294117648,
  "ood_cross_family_hetmoe": 0.7214086666666667,
  "ood_nonmotif_hetmoe": 0.637508,
  "ood_within_family_static": 0.7514663529411765,
  "ood_cross_family_static": 0.6871536666666666,
  "indist_mean_hetmoe": 0.8229651428571428,
  "per_dataset": {
    "in_distribution::ARID3A": {
      "data_type": "in_distribution",
      "tf": "ARID3A",
      "hetmoe_auc": 0.8325200000000001,
      "static_mean_auc": 0.770844,
      "oracle_auc": 0.816384,
      "best_expert": "DanQ",
      "per_expert_auc": {
        "ConvNet": 0.6816,
        "DeepSEA": 0.7955,
        "DanQ": 0.8164,
        "DNABERT6": 0.6484
      },
      "hetmoe_brier": 0.1723606721458961,
      "hetmoe_ece": 0.06443403694033623,
      "gate_entropy": 1.1921075582504272
    },
    "in_distribution::FOXM1": {
      "data_type": "in_distribution",
      "tf": "FOXM1",
      "hetmoe_auc": 0.802936,
      "static_mean_auc": 0.760392,
      "oracle_auc": 0.8084039999999999,
      "best_expert": "DanQ",
      "per_expert_auc": {
        "ConvNet": 0.612,
        "DeepSEA": 0.8016,
        "DanQ": 0.8084,
        "DNABERT6": 0.6755
      },
      "hetmoe_brier": 0.18445458891003294,
      "hetmoe_ece": 0.06958563196659089,
      "gate_entropy": 1.129189372062683
    },
    "in_distribution::GATA3": {
      "data_type": "in_distribution",
      "tf": "GATA3",
      "hetmoe_auc": 0.8711279999999999,
      "static_mean_auc": 0.842764,
      "oracle_auc": 0.8658,
      "best_expert": "DanQ",
      "per_expert_auc": {
        "ConvNet": 0.7274,
        "DeepSEA": 0.8482,
        "DanQ": 0.8658,
        "DNABERT6": 0.7757
      },
      "hetmoe_brier": 0.14729268749315322,
      "hetmoe_ece": 0.05014230239391327,
      "gate_entropy": 1.1520981788635254
    },
    "in_distribution::JUND": {
      "data_type": "in_distribution",
      "tf": "JUND",
      "hetmoe_auc": 0.9711160000000001,
      "static_mean_auc": 0.9145639999999999,
      "oracle_auc": 0.9344119999999999,
      "best_expert": "DanQ",
      "per_expert_auc": {
        "ConvNet": 0.7789,
        "DeepSEA": 0.9143,
        "DanQ": 0.9344,
        "DNABERT6": 0.8362
      },
      "hetmoe_brier": 0.11987734291020283,
      "hetmoe_ece": 0.16885464252531526,
      "gate_entropy": 1.0033040046691895
    },
    "in_distribution::MAX": {
      "data_type": "in_distribution",
      "tf": "MAX",
      "hetmoe_auc": 0.759924,
      "static_mean_auc": 0.692544,
      "oracle_auc": 0.740548,
      "best_expert": "DeepSEA",
      "per_expert_auc": {
        "ConvNet": 0.5454,
        "DeepSEA": 0.7405,
        "DanQ": 0.7307,
        "DNABERT6": 0.5949
      },
      "hetmoe_brier": 0.3761373971806371,
      "hetmoe_ece": 0.3934977986887097,
      "gate_entropy": 0.7906717658042908
    },
    "in_distribution::GABPA": {
      "data_type": "in_distribution",
      "tf": "GABPA",
      "hetmoe_auc": 0.856952,
      "static_mean_auc": 0.804148,
      "oracle_auc": 0.845908,
      "best_expert": "DanQ",
      "per_expert_auc": {
        "ConvNet": 0.5808,
        "DeepSEA": 0.8335,
        "DanQ": 0.8459,
        "DNABERT6": 0.6905
      },
      "hetmoe_brier": 0.39875166789349525,
      "hetmoe_ece": 0.4258506902754307,
      "gate_entropy": 0.7922366857528687
    },
    "in_distribution::SP1": {
      "data_type": "in_distribution",
      "tf": "SP1",
      "hetmoe_auc": 0.66618,
      "static_mean_auc": 0.658148,
      "oracle_auc": 0.6857999999999999,
      "best_expert": "DanQ",
      "per_expert_auc": {
        "ConvNet": 0.5682,
        "DeepSEA": 0.6832,
        "DanQ": 0.6858,
        "DNABERT6": 0.6093
      },
      "hetmoe_brier": 0.32450853750838177,
      "hetmoe_ece": 0.28543641383945945,
      "gate_entropy": 0.9664720296859741
    },
    "out_of_distribution::JUN": {
      "data_type": "out_of_distribution",
      "tf": "JUN",
      "hetmoe_auc": 0.9367880000000001,
      "static_mean_auc": 0.8589399999999999,
      "oracle_auc": 0.901044,
      "best_expert": "DanQ",
      "per_expert_auc": {
        "ConvNet": 0.7074,
        "DeepSEA": 0.8825,
        "DanQ": 0.901,
        "DNABERT6": 0.7825
      },
      "hetmoe_brier": 0.15076172868687243,
      "hetmoe_ece": 0.1890032528936863,
      "gate_entropy": 0.9868203997612
    },
    "out_of_distribution::FOSL1": {
      "data_type": "out_of_distribution",
      "tf": "FOSL1",
      "hetmoe_auc": 0.9448999999999999,
      "static_mean_auc": 0.8742920000000001,
      "oracle_auc": 0.9111679999999999,
      "best_expert": "DanQ",
      "per_expert_auc": {
        "ConvNet": 0.7446,
        "DeepSEA": 0.8864,
        "DanQ": 0.9112,
        "DNABERT6": 0.8001
      },
      "hetmoe_brier": 0.135840393938279,
      "hetmoe_ece": 0.1781392671912908,
      "gate_entropy": 0.9816819429397583
    },
    "out_of_distribution::ATF3": {
      "data_type": "out_of_distribution",
      "tf": "ATF3",
      "hetmoe_auc": 0.7634519999999999,
      "static_mean_auc": 0.690952,
      "oracle_auc": 0.736384,
      "best_expert": "DanQ",
      "per_expert_auc": {
        "ConvNet": 0.5659,
        "DeepSEA": 0.7277,
        "DanQ": 0.7364,
        "DNABERT6": 0.6009
      },
      "hetmoe_brier": 0.3130060272333478,
      "hetmoe_ece": 0.30063762626051904,
      "gate_entropy": 0.9264903664588928
    },
    "out_of_distribution::MYC": {
      "data_type": "out_of_distribution",
      "tf": "MYC",
      "hetmoe_auc": 0.753492,
      "static_mean_auc": 0.704572,
      "oracle_auc": 0.768888,
      "best_expert": "DeepSEA",
      "per_expert_auc": {
        "ConvNet": 0.5359,
        "DeepSEA": 0.7689,
        "DanQ": 0.7616,
        "DNABERT6": 0.5955
      },
      "hetmoe_brier": 0.3554841734041102,
      "hetmoe_ece": 0.3720264159925282,
      "gate_entropy": 0.8346683979034424
    },
    "out_of_distribution::MXI1": {
      "data_type": "out_of_distribution",
      "tf": "MXI1",
      "hetmoe_auc": 0.71548,
      "static_mean_auc": 0.695488,
      "oracle_auc": 0.742308,
      "best_expert": "DanQ",
      "per_expert_auc": {
        "ConvNet": 0.5487,
        "DeepSEA": 0.7389,
        "DanQ": 0.7423,
        "DNABERT6": 0.6165
      },
      "hetmoe_brier": 0.35078362339821606,
      "hetmoe_ece": 0.33859394208341836,
      "gate_entropy": 0.8775103092193604
    },
    "out_of_distribution::USF1": {
      "data_type": "out_of_distribution",
      "tf": "USF1",
      "hetmoe_auc": 0.797144,
      "static_mean_auc": 0.733512,
      "oracle_auc": 0.7998,
      "best_expert": "DeepSEA",
      "per_expert_auc": {
        "ConvNet": 0.5647,
        "DeepSEA": 0.7998,
        "DanQ": 0.795,
        "DNABERT6": 0.64
      },
      "hetmoe_brier": 0.30178702731633067,
      "hetmoe_ece": 0.3178471722453833,
      "gate_entropy": 0.8134406208992004
    },
    "out_of_distribution::ELF1": {
      "data_type": "out_of_distribution",
      "tf": "ELF1",
      "hetmoe_auc": 0.872552,
      "static_mean_auc": 0.8420920000000001,
      "oracle_auc": 0.8724080000000001,
      "best_expert": "DanQ",
      "per_expert_auc": {
        "ConvNet": 0.625,
        "DeepSEA": 0.858,
        "DanQ": 0.8724,
        "DNABERT6": 0.6946
      },
      "hetmoe_brier": 0.4133321639824455,
      "hetmoe_ece": 0.4407237549722195,
      "gate_entropy": 0.7763852477073669
    },
    "out_of_distribution::ETS1": {
      "data_type": "out_of_distribution",
      "tf": "ETS1",
      "hetmoe_auc": 0.6927840000000001,
      "static_mean_auc": 0.7012160000000001,
      "oracle_auc": 0.751016,
      "best_expert": "DeepSEA",