{
  "tag": "cnn_only_9",
  "seed": 0,
  "num_experts": 9,
  "config": {
    "l2norm": true,
    "entropy_reg": 0.001,
    "gate_temperature": 1.0,
    "embedding_dim": 32
  },
  "expert_order": [
    "ConvNet::ARID3A",
    "ConvNet::FOXM1",
    "ConvNet::GATA3",
    "DeepSEA::ARID3A",
    "DeepSEA::FOXM1",
    "DeepSEA::GATA3",
    "DanQ::ARID3A",
    "DanQ::FOXM1",
    "DanQ::GATA3"
  ],
  "gate_val_auc": 0.9634540409268855,
  "mean_gate_entropy": 2.013141009542677,
  "ood_mean_hetmoe": 0.7389593333333333,
  "ood_mean_oracle": 0.7366053333333333,
  "ood_mean_static": 0.7053486666666666,
  "ood_learnable_hetmoe": 0.8239259999999999,
  "ood_learnable_oracle": 0.837676,
  "ood_indirect_hetmoe": 0.696476,
  "indist_mean_hetmoe": 0.7915426666666668,
  "dnabert_ref_ood": 0.7492,
  "deepsea_ref_ood": 0.6918,
  "danq_ref_ood": 0.6881,
  "per_dataset": {
    "in_distribution::ARID3A": {
      "data_type": "in_distribution",
      "tf": "ARID3A",
      "hetmoe_auc": 0.785128,
      "static_mean_auc": 0.731136,
      "oracle_auc": 0.818424,
      "best_expert": "DanQ::ARID3A",
      "per_expert_auc": {
        "ConvNet::ARID3A": 0.6994,
        "ConvNet::FOXM1": 0.5932,
        "ConvNet::GATA3": 0.5519,
        "DeepSEA::ARID3A": 0.8094,
        "DeepSEA::FOXM1": 0.6271,
        "DeepSEA::GATA3": 0.6328,
        "DanQ::ARID3A": 0.8184,
        "DanQ::FOXM1": 0.6624,
        "DanQ::GATA3": 0.6232
      },
      "hetmoe_brier": 0.21687729788992618,
      "hetmoe_ece": 0.16095870314538482,
      "gate_entropy": 1.9943645000457764
    },
    "in_distribution::FOXM1": {
      "data_type": "in_distribution",
      "tf": "FOXM1",
      "hetmoe_auc": 0.782444,
      "static_mean_auc": 0.7319559999999999,
      "oracle_auc": 0.8288520000000001,
      "best_expert": "DeepSEA::FOXM1",
      "per_expert_auc": {
        "ConvNet::ARID3A": 0.5797,
        "ConvNet::FOXM1": 0.687,
        "ConvNet::GATA3": 0.5644,
        "DeepSEA::ARID3A": 0.6529,
        "DeepSEA::FOXM1": 0.8289,
        "DeepSEA::GATA3": 0.6439,
        "DanQ::ARID3A": 0.6365,
        "DanQ::FOXM1": 0.825,
        "DanQ::GATA3": 0.6153
      },
      "hetmoe_brier": 0.23058089370163662,
      "hetmoe_ece": 0.18769051257520913,
      "gate_entropy": 2.0071582794189453
    },
    "in_distribution::GATA3": {
      "data_type": "in_distribution",
      "tf": "GATA3",
      "hetmoe_auc": 0.807056,
      "static_mean_auc": 0.74412,
      "oracle_auc": 0.8394839999999999,
      "best_expert": "DeepSEA::GATA3",
      "per_expert_auc": {
        "ConvNet::ARID3A": 0.598,
        "ConvNet::FOXM1": 0.616,
        "ConvNet::GATA3": 0.6399,
        "DeepSEA::ARID3A": 0.6557,
        "DeepSEA::FOXM1": 0.6366,
        "DeepSEA::GATA3": 0.8395,
        "DanQ::ARID3A": 0.6709,
        "DanQ::FOXM1": 0.6381,
        "DanQ::GATA3": 0.8355
      },
      "hetmoe_brier": 0.2307946713802658,
      "hetmoe_ece": 0.19917664527148007,
      "gate_entropy": 1.961330771446228
    },
    "out_of_distribution::BCLAF1": {
      "data_type": "out_of_distribution",
      "tf": "BCLAF1",
      "hetmoe_auc": 0.72868,
      "static_mean_auc": 0.693928,
      "oracle_auc": 0.706272,
      "best_expert": "DeepSEA::FOXM1",
      "per_expert_auc": {
        "ConvNet::ARID3A": 0.5854,
        "ConvNet::FOXM1": 0.6429,
        "ConvNet::GATA3": 0.545,
        "DeepSEA::ARID3A": 0.6762,
        "DeepSEA::FOXM1": 0.7063,
        "DeepSEA::GATA3": 0.592,
        "DanQ::ARID3A": 0.6458,
        "DanQ::FOXM1": 0.7015,
        "DanQ::GATA3": 0.56
      },
      "hetmoe_brier": 0.2496293737577148,
      "hetmoe_ece": 0.1894037375301123,
      "gate_entropy": 2.018693685531616
    },
    "out_of_distribution::CTCF": {
      "data_type": "out_of_distribution",
      "tf": "CTCF",
      "hetmoe_auc": 0.9085519999999998,
      "static_mean_auc": 0.833888,
      "oracle_auc": 0.917352,
      "best_expert": "ConvNet::FOXM1",
      "per_expert_auc": {
        "ConvNet::ARID3A": 0.6162,
        "ConvNet::FOXM1": 0.9174,
        "ConvNet::GATA3": 0.5753,
        "DeepSEA::ARID3A": 0.8399,
        "DeepSEA::FOXM1": 0.8405,
        "DeepSEA::GATA3": 0.5897,
        "DanQ::ARID3A": 0.8854,
        "DanQ::FOXM1": 0.9116,
        "DanQ::GATA3": 0.5885
      },
      "hetmoe_brier": 0.20704111520402838,
      "hetmoe_ece": 0.22368184000253677,
      "gate_entropy": 2.03580904006958
    },
    "out_of_distribution::POLR2A": {
      "data_type": "out_of_distribution",
      "tf": "POLR2A",
      "hetmoe_auc": 0.70248,
      "static_mean_auc": 0.6690240000000001,
      "oracle_auc": 0.696156,
      "best_expert": "DanQ::FOXM1",
      "per_expert_auc": {
        "ConvNet::ARID3A": 0.5548,
        "ConvNet::FOXM1": 0.6053,
        "ConvNet::GATA3": 0.5526,
        "DeepSEA::ARID3A": 0.6318,
        "DeepSEA::FOXM1": 0.6791,
        "DeepSEA::GATA3": 0.5645,
        "DanQ::ARID3A": 0.6107,
        "DanQ::FOXM1": 0.6962,
        "DanQ::GATA3": 0.5468
      },
      "hetmoe_brier": 0.261242486071682,
      "hetmoe_ece": 0.19837779550999401,
      "gate_entropy": 2.032938241958618
    },
    "out_of_distribution::RBBP5": {
      "data_type": "out_of_distribution",
      "tf": "RBBP5",
      "hetmoe_auc": 0.683704,
      "static_mean_auc": 0.6660240000000001,
      "oracle_auc": 0.673244,
      "best_expert": "DanQ::FOXM1",
      "per_expert_auc": {
        "ConvNet::ARID3A": 0.5727,
        "ConvNet::FOXM1": 0.6151,
        "ConvNet::GATA3": 0.5679,
        "DeepSEA::ARID3A": 0.6341,
        "DeepSEA::FOXM1": 0.6678,
        "DeepSEA::GATA3": 0.5844,
        "DanQ::ARID3A": 0.6276,
        "DanQ::FOXM1": 0.6732,
        "DanQ::GATA3": 0.577
      },
      "hetmoe_brier": 0.276923415433494,
      "hetmoe_ece": 0.22533283162489537,
      "gate_entropy": 2.0305874347686768
    },
    "out_of_distribution::SAP30": {
      "data_type": "out_of_distribution",
      "tf": "SAP30",
      "hetmoe_auc": 0.67104,
      "static_mean_auc": 0.649104,
      "oracle_auc": 0.6686079999999999,
      "best_expert": "DanQ::FOXM1",
      "per_expert_auc": {
        "ConvNet::ARID3A": 0.5689,
        "ConvNet::FOXM1": 0.5978,
        "ConvNet::GATA3": 0.536,
        "DeepSEA::ARID3A": 0.6075,
        "DeepSEA::FOXM1": 0.6601,
        "DeepSEA::GATA3": 0.5799,
        "DanQ::ARID3A": 0.593,
        "DanQ::FOXM1": 0.6686,
        "DanQ::GATA3": 0.558
      },
      "hetmoe_brier": 0.2914317870538075,
      "hetmoe_ece": 0.23967793316394095,
      "gate_entropy": 2.03177809715271
    },
    "out_of_distribution::STAT3": {
      "data_type": "out_of_distribution",
      "tf": "STAT3",
      "hetmoe_auc": 0.7393,
      "static_mean_auc": 0.720124,
      "oracle_auc": 0.758,
      "best_expert": "DanQ::FOXM1",
      "per_expert_auc": {
        "ConvNet::ARID3A": 0.5906,
        "ConvNet::FOXM1": 0.5999,
        "ConvNet::GATA3": 0.5588,
        "DeepSEA::ARID3A": 0.6969,
        "DeepSEA::FOXM1": 0.7338,
        "DeepSEA::GATA3": 0.647,
        "DanQ::ARID3A": 0.7174,
        "DanQ::FOXM1": 0.758,
        "DanQ::GATA3": 0.6046
      },
      "hetmoe_brier": 0.25909575948714486,
      "hetmoe_ece": 0.2134580960869789,
      "gate_entropy": 2.0056090354919434
    }
  }
}