{
  "config": {
    "l2norm": true,
    "entropy_reg": 0.001,
    "gate_temperature": 1.0,
    "seed": 1,
    "num_experts": 12,
    "expert_order": [
      "ConvNet::ARID3A",
      "ConvNet::FOXM1",
      "ConvNet::GATA3",
      "DeepSEA::ARID3A",
      "DeepSEA::FOXM1",
      "DeepSEA::GATA3",
      "DanQ::ARID3A",
      "DanQ::FOXM1",
      "DanQ::GATA3",
      "DNABERT6::ARID3A",
      "DNABERT6::FOXM1",
      "DNABERT6::GATA3"
    ]
  },
  "ood_mean": {
    "HetMoE": 0.777016,
    "static_mean": 0.7304866666666666,
    "best_single": 0.6540006666666667,
    "DNABERT": 0.7318606666666666
  },
  "ood_learnable_hetmoe": 0.85693,
  "ood_indirect_hetmoe": 0.737059,
  "indist_mean_hetmoe": 0.8401653333333333,
  "ood_mean_ece": 0.18839208737077814,
  "ood_mean_brier": 0.23246334075270403,
  "tost_margin": 0.01,
  "per_dataset": {
    "in_distribution::ARID3A": {
      "data_type": "in_distribution",
      "tf": "ARID3A",
      "HetMoE_auc": 0.8344119999999999,
      "HetMoE_ci": [
        0.8073561475760878,
        0.8575337934197378
      ],
      "static_mean_auc": 0.7532200000000001,
      "static_mean_ci": [
        0.7240264861113117,
        0.7818629865293006
      ],
      "best_single_auc": 0.7097439999999999,
      "best_single_ci": [
        0.6776757907519243,
        0.741258993482054
      ],
      "DNABERT_auc": 0.750428,
      "DNABERT_ci": [
        0.720933940759795,
        0.7810344680830518
      ],
      "HetMoE_brier": 0.19635604243438268,
      "HetMoE_ece": 0.15591342931613325,
      "gate_entropy": 2.1985979080200195,
      "gate_weights": [
        0.09356530010700226,
        0.09499093145132065,
        0.03440951555967331,
        0.04557337611913681,
        0.08523836731910706,
        0.1154617890715599,
        0.09185220301151276,
        0.09192296117544174,
        0.09395581483840942,
        0.0600304938852787,
        0.06060974672436714,
        0.13238944113254547
      ]
    },
    "in_distribution::FOXM1": {
      "data_type": "in_distribution",
      "tf": "FOXM1",
      "HetMoE_auc": 0.834916,
      "HetMoE_ci": [
        0.8071577216529633,
        0.8570892539381171
      ],
      "static_mean_auc": 0.752528,
      "static_mean_ci": [
        0.7192964776756349,
        0.7815780314237813
      ],
      "best_single_auc": 0.72384,
      "best_single_ci": [
        0.6906411583729304,
        0.7536203202131068
      ],
      "DNABERT_auc": 0.766592,
      "DNABERT_ci": [
        0.736443825747833,
        0.7950061754107114
      ],
      "HetMoE_brier": 0.21080674050595052,
      "HetMoE_ece": 0.17152920415997508,
      "gate_entropy": 2.167296886444092,
      "gate_weights": [
        0.06883534789085388,
        0.10607916861772537,
        0.0828683078289032,
        0.025599898770451546,
        0.13251475989818573,
        0.08100815862417221,
        0.061720166355371475,
        0.09061124175786972,
        0.07285578548908234,
        0.04761091247200966,
        0.10791512578725815,
        0.12238088995218277
      ]
    },
    "in_distribution::GATA3": {
      "data_type": "in_distribution",
      "tf": "GATA3",
      "HetMoE_auc": 0.851168,
      "HetMoE_ci": [
        0.8267870123019191,
        0.8743259053839353
      ],
      "static_mean_auc": 0.762656,
      "static_mean_ci": [
        0.7333536696830568,
        0.7928333666327745
      ],
      "best_single_auc": 0.871532,
      "best_single_ci": [
        0.8499789765401911,
        0.8908694762331641
      ],
      "DNABERT_auc": 0.798064,
      "DNABERT_ci": [
        0.7709476011039134,
        0.8240659487698239
      ],
      "HetMoE_brier": 0.19943065646465455,
      "HetMoE_ece": 0.17960369244217872,
      "gate_entropy": 2.1487035751342773,
      "gate_weights": [
        0.07896080613136292,
        0.08690304309129715,
        0.04692014306783676,
        0.022503666579723358,
        0.06729543954133987,
        0.16326646506786346,
        0.06147955730557442,
        0.09520231932401657,
        0.13730677962303162,
        0.04159500449895859,
        0.05595703050494194,
        0.1426096260547638
      ]
    },
    "out_of_distribution::BCLAF1": {
      "data_type": "out_of_distribution",
      "tf": "BCLAF1",
      "HetMoE_auc": 0.764216,
      "HetMoE_ci": [
        0.7344097673984911,
        0.7926860889436047
      ],
      "static_mean_auc": 0.712448,
      "static_mean_ci": [
        0.6810613779741633,
        0.741352687684323
      ],
      "best_single_auc": 0.644108,
      "best_single_ci": [
        0.6091778531609288,
        0.6738549562999
      ],
      "DNABERT_auc": 0.72788,
      "DNABERT_ci": [
        0.6960721032381235,
        0.7565044291993679
      ],
      "HetMoE_brier": 0.22807470366955448,
      "HetMoE_ece": 0.17271207216382026,
      "gate_entropy": 2.111861228942871,
      "gate_weights": [
        0.06008286029100418,
        0.14398063719272614,
        0.037507880479097366,
        0.033292580395936966,
        0.1892237812280655,
        0.06621168553829193,
        0.05345156788825989,
        0.09328465163707733,
        0.056592363864183426,
        0.053215693682432175,
        0.13563916087150574,
        0.0775168389081955
      ]
    },
    "out_of_distribution::CTCF": {
      "data_type": "out_of_distribution",
      "tf": "CTCF",
      "HetMoE_auc": 0.9347479999999999,
      "HetMoE_ci": [
        0.9176472581131714,
        0.9492387910861632
      ],
      "static_mean_auc": 0.8366600000000001,
      "static_mean_ci": [
        0.8102586093209777,
        0.8594324047910777
      ],
      "best_single_auc": 0.637056,
      "best_single_ci": [
        0.6025460524831411,
        0.669768246722607
      ],
      "DNABERT_auc": 0.7716440000000001,
      "DNABERT_ci": [
        0.7418467932031727,
        0.7996338933018791
      ],
      "HetMoE_brier": 0.1764315790173772,
      "HetMoE_ece": 0.19406512583792213,
      "gate_entropy": 2.1461801528930664,
      "gate_weights": [
        0.08737208694219589,
        0.11305028200149536,
        0.11311221122741699,
        0.02458382584154606,
        0.10142775624990463,
        0.06596917659044266,
        0.09237847477197647,
        0.1300642043352127,
        0.05146714672446251,
        0.0343591533601284,
        0.0777936577796936,
        0.10842200368642807
      ]
    },
    "out_of_distribution::POLR2A": {
      "data_type": "out_of_distribution",
      "tf": "POLR2A",
      "HetMoE_auc": 0.7425520000000001,
      "HetMoE_ci": [
        0.7147734367186718,
        0.7722254373768843
      ],
      "static_mean_auc": 0.7028240000000001,
      "static_mean_ci": [
        0.669868213554835,
        0.7369622481383082
      ],
      "best_single_auc": 0.631452,
      "best_single_ci": [
        0.5964389927591053,
        0.6674036803902319
      ],
      "DNABERT_auc": 0.716092,
      "DNABERT_ci": [
        0.6833132134367128,
        0.7471866659104929
      ],
      "HetMoE_brier": 0.2408121780083055,
      "HetMoE_ece": 0.18058400252461435,
      "gate_entropy": 2.1033928394317627,
      "gate_weights": [
        0.06932792067527771,
        0.16789968311786652,
        0.026161855086684227,
        0.029531024396419525,
        0.21470065414905548,
        0.04104332625865936,
        0.04840043932199478,
        0.09332290291786194,
        0.04339116811752319,
        0.052635595202445984,
        0.1593664437532425,
        0.05421881377696991
      ]
    },
    "out_of_distribution::RBBP5": {
      "data_type": "out_of_distribution",
      "tf": "RBBP5",
      "HetMoE_auc": 0.7295039999999999,
      "HetMoE_ci": [
        0.6982258389203766,
        0.759926606912217
      ],
      "static_mean_auc": 0.7020319999999999,
      "static_mean_ci": [
        0.6706143620807731,
        0.7333744568217758
      ],
      "best_single_auc": 0.6707000000000001,
      "best_single_ci": [
        0.6400174720818262,
        0.7027208432344895
      ],
      "DNABERT_auc": 0.7164560000000001,