seed,selected_backbones,ood_hetmoe,ood_dnabert,margin,ood_ece,n_superior_6
0,ConvNet+DNABERT6+DanQ+DeepSEA,0.7737299999999999,0.7427213333333332,0.031008666666666684,0.18905490625339252,2
1,ConvNet+DNABERT6+DanQ+DeepSEA,0.777016,0.7318606666666666,0.045155333333333436,0.18839208737077814,4
2,ConvNet+DNABERT6+DanQ+DeepSEA,0.7776293333333334,0.7246793333333333,0.05295000000000005,0.18130068780854344,4
3,ConvNet+DNABERT6+DanQ+DeepSEA,0.7755486666666668,0.7348046666666667,0.04074400000000011,0.18258425720594826,4
42,ConvNet+DNABERT6,0.7818519999999999,0.7466966666666668,0.035155333333333094,0.154113254243508,6
