{
  "config": {
    "l2norm": true,
    "entropy_reg": 0.001,
    "gate_temperature": 2.0,
    "seed": 0,
    "num_experts": 12,
    "expert_order": [
      "ConvNet::ARID3A",
      "ConvNet::FOXM1",
      "ConvNet::GATA3",
      "DeepSEA::ARID3A",
      "DeepSEA::FOXM1",
      "DeepSEA::GATA3",
      "DanQ::ARID3A",
      "DanQ::FOXM1",
      "DanQ::GATA3",
      "DNABERT6::ARID3A",
      "DNABERT6::FOXM1",
      "DNABERT6::GATA3"
    ]
  },
  "ood_mean": {
    "HetMoE": 0.7737299999999999,
    "static_mean": 0.7291453333333333,
    "best_single": 0.6767713333333334,
    "DNABERT": 0.7427213333333332
  },
  "ood_learnable_hetmoe": 0.847614,
  "ood_indirect_hetmoe": 0.736788,
  "indist_mean_hetmoe": 0.8379586666666667,
  "ood_mean_ece": 0.18905490625339252,
  "ood_mean_brier": 0.23558840033457262,
  "tost_margin": 0.01,
  "per_dataset": {
    "in_distribution::ARID3A": {
      "data_type": "in_distribution",
      "tf": "ARID3A",
      "HetMoE_auc": 0.83292,
      "HetMoE_ci": [
        0.8060621628865332,
        0.8580781855546713
      ],
      "static_mean_auc": 0.749792,
      "static_mean_ci": [
        0.7200130636262414,
        0.778276106352665
      ],
      "best_single_auc": 0.717144,
      "best_single_ci": [
        0.684332987526178,
        0.7483049297876357
      ],
      "DNABERT_auc": 0.784188,
      "DNABERT_ci": [
        0.7553292739874564,
        0.8115114861681638
      ],
      "HetMoE_brier": 0.20076470089840648,
      "HetMoE_ece": 0.16161330833658577,
      "gate_entropy": 2.2747128009796143,
      "gate_weights": [
        0.031856719404459,
        0.027363775297999382,
        0.032127127051353455,
        0.09623744338750839,
        0.07385195791721344,
        0.09585028141736984,
        0.12320680171251297,
        0.07067891955375671,
        0.15332277119159698,
        0.09761139750480652,
        0.09593914449214935,
        0.10195402801036835
      ]
    },
    "in_distribution::FOXM1": {
      "data_type": "in_distribution",
      "tf": "FOXM1",
      "HetMoE_auc": 0.8280959999999999,
      "HetMoE_ci": [
        0.8000981883739212,
        0.8534346257886578
      ],
      "static_mean_auc": 0.762104,
      "static_mean_ci": [
        0.7313027615477562,
        0.790722456773764
      ],
      "best_single_auc": 0.7282680000000001,
      "best_single_ci": [
        0.6967500628207195,
        0.7575179976903611
      ],
      "DNABERT_auc": 0.789408,
      "DNABERT_ci": [
        0.7606438923190864,
        0.816471075588762
      ],
      "HetMoE_brier": 0.20964829126372753,
      "HetMoE_ece": 0.18063578870147468,
      "gate_entropy": 2.2943973541259766,
      "gate_weights": [
        0.03342381492257118,
        0.030792899429798126,
        0.03401627391576767,
        0.06806010752916336,
        0.10007433593273163,
        0.08001772314310074,
        0.11236409097909927,
        0.1004408672451973,
        0.11914458870887756,
        0.08407998830080032,
        0.1466207206249237,
        0.09096448123455048
      ]
    },
    "in_distribution::GATA3": {
      "data_type": "in_distribution",
      "tf": "GATA3",
      "HetMoE_auc": 0.8528600000000002,
      "HetMoE_ci": [
        0.8304326654252233,
        0.8754697397757698
      ],
      "static_mean_auc": 0.7656080000000001,
      "static_mean_ci": [
        0.7353350178843941,
        0.7948755388947051
      ],
      "best_single_auc": 0.8788119999999999,
      "best_single_ci": [
        0.8564965051006224,
        0.8977121548611668
      ],
      "DNABERT_auc": 0.8029439999999999,
      "DNABERT_ci": [
        0.7746791506963738,
        0.8288639117911791
      ],
      "HetMoE_brier": 0.2126428349512707,
      "HetMoE_ece": 0.18870730579644443,
      "gate_entropy": 2.25705885887146,
      "gate_weights": [
        0.03141072392463684,
        0.0276729054749012,
        0.033342961221933365,
        0.060342539101839066,
        0.06536410003900528,
        0.14537830650806427,
        0.1276593953371048,
        0.05859855189919472,
        0.1304154098033905,
        0.09066402912139893,
        0.08829516172409058,
        0.14085575938224792
      ]
    },
    "out_of_distribution::BCLAF1": {
      "data_type": "out_of_distribution",
      "tf": "BCLAF1",
      "HetMoE_auc": 0.765536,
      "HetMoE_ci": [
        0.7374823039465588,
        0.7942999130799229
      ],
      "static_mean_auc": 0.717876,
      "static_mean_ci": [
        0.6855640762356038,
        0.7472679207212823
      ],
      "best_single_auc": 0.665644,
      "best_single_ci": [
        0.6315925328928383,
        0.6953563426953648
      ],
      "DNABERT_auc": 0.726908,
      "DNABERT_ci": [
        0.6963298147848921,
        0.7553681027610735
      ],
      "HetMoE_brier": 0.22573302319036775,
      "HetMoE_ece": 0.16158675297349692,
      "gate_entropy": 2.245398759841919,
      "gate_weights": [
        0.03416359797120094,
        0.028845518827438354,
        0.034024082124233246,
        0.06625566631555557,
        0.12451542913913727,
        0.07319384068250656,
        0.07890906184911728,
        0.16284921765327454,
        0.08212649822235107,
        0.07325223833322525,
        0.16187354922294617,
        0.07999146729707718
      ]
    },
    "out_of_distribution::CTCF": {
      "data_type": "out_of_distribution",
      "tf": "CTCF",
      "HetMoE_auc": 0.924364,
      "HetMoE_ci": [
        0.9058723083467984,
        0.9404518071465103
      ],
      "static_mean_auc": 0.819488,
      "static_mean_ci": [
        0.7926315655914838,
        0.8427459763746348
      ],
      "best_single_auc": 0.633732,
      "best_single_ci": [
        0.5985894095697102,
        0.6669593396001297
      ],
      "DNABERT_auc": 0.8106479999999999,
      "DNABERT_ci": [
        0.7829123940385065,
        0.8356737402844117
      ],
      "HetMoE_brier": 0.19090874389078272,
      "HetMoE_ece": 0.21067569423466925,
      "gate_entropy": 2.279341459274292,
      "gate_weights": [
        0.034221068024635315,
        0.033171046525239944,
        0.033532723784446716,
        0.06778904795646667,
        0.09994826465845108,
        0.062274277210235596,
        0.13355499505996704,
        0.12190359830856323,
        0.1004573404788971,
        0.07120278477668762,
        0.1475144922733307,
        0.09443037211894989
      ]
    },
    "out_of_distribution::POLR2A": {
      "data_type": "out_of_distribution",
      "tf": "POLR2A",
      "HetMoE_auc": 0.736864,
      "HetMoE_ci": [
        0.7079140316561265,
        0.7685756769343077
      ],
      "static_mean_auc": 0.704744,
      "static_mean_ci": [
        0.6736117132262874,
        0.7366418609347452
      ],
      "best_single_auc": 0.682384,
      "best_single_ci": [
        0.6490023418555991,
        0.7166187446957052
      ],
      "DNABERT_auc": 0.7236,
      "DNABERT_ci": [
        0.692937081547469,
        0.7553937584737641
      ],
      "HetMoE_brier": 0.23986923002362978,
      "HetMoE_ece": 0.17111478802189234,
      "gate_entropy": 2.227654218673706,
      "gate_weights": [
        0.034965235739946365,
        0.02893311157822609,
        0.03427337482571602,
        0.05270255729556084,
        0.13978782296180725,
        0.0615253672003746,
        0.05930212512612343,
        0.19880549609661102,
        0.06320629268884659,
        0.06879959255456924,
        0.18929757177829742,
        0.06840182095766068
      ]
    },
    "out_of_distribution::RBBP5": {
      "data_type": "out_of_distribution",
      "tf": "RBBP5",
      "HetMoE_auc": 0.726696,
      "HetMoE_ci": [
        0.6951272034928038,
        0.7577262500865996
      ],
      "static_mean_auc": 0.7034799999999999,
      "static_mean_ci": [
        0.6706059533120836,
        0.7350091688104071
      ],
      "best_single_auc": 0.70116,
      "best_single_ci": [
        0.6704987963492826,
        0.731963577033835
      ],
      "DNABERT_auc": 0.72688,