{
  "tag": "grouped_by_backbone",
  "seed": 42,
  "num_experts": 4,
  "config": {
    "l2norm": true,
    "entropy_reg": 0.001,
    "gate_temperature": 1.0,
    "embedding_dim": 32
  },
  "expert_order": [
    "ConvNet",
    "DeepSEA",
    "DanQ",
    "DNABERT6"
  ],
  "gate_val_auc": 0.9276009982891532,
  "mean_gate_entropy": 0.996474521027671,
  "ood_mean_hetmoe": 0.7860082608695652,
  "ood_mean_oracle": 0.7896601739130434,
  "ood_mean_static": 0.7366459130434784,
  "ood_within_family_hetmoe": 0.8072539999999999,
  "ood_cross_family_hetmoe": 0.7258119999999999,
  "ood_nonmotif_hetmoe": 0.6546739999999999,
  "ood_within_family_static": 0.754124,
  "ood_cross_family_static": 0.6871246666666666,
  "indist_mean_hetmoe": 0.8415342857142857,
  "per_dataset": {
    "in_distribution::ARID3A": {
      "data_type": "in_distribution",
      "tf": "ARID3A",
      "hetmoe_auc": 0.8250319999999999,
      "static_mean_auc": 0.7691960000000001,
      "oracle_auc": 0.8322759999999999,
      "best_expert": "DanQ",
      "per_expert_auc": {
        "ConvNet": 0.6575,
        "DeepSEA": 0.7946,
        "DanQ": 0.8323,
        "DNABERT6": 0.6644
      },
      "hetmoe_brier": 0.17307351708688515,
      "hetmoe_ece": 0.05482797038555145,
      "gate_entropy": 1.2159069776535034
    },
    "in_distribution::FOXM1": {
      "data_type": "in_distribution",
      "tf": "FOXM1",
      "hetmoe_auc": 0.8063960000000001,
      "static_mean_auc": 0.7537839999999999,
      "oracle_auc": 0.803088,
      "best_expert": "DanQ",
      "per_expert_auc": {
        "ConvNet": 0.6247,
        "DeepSEA": 0.7849,
        "DanQ": 0.8031,
        "DNABERT6": 0.6731
      },
      "hetmoe_brier": 0.18257698624746463,
      "hetmoe_ece": 0.06409910717606543,
      "gate_entropy": 1.1891456842422485
    },
    "in_distribution::GATA3": {
      "data_type": "in_distribution",
      "tf": "GATA3",
      "hetmoe_auc": 0.8738319999999999,
      "static_mean_auc": 0.837316,
      "oracle_auc": 0.864552,
      "best_expert": "DanQ",
      "per_expert_auc": {
        "ConvNet": 0.7094,
        "DeepSEA": 0.845,
        "DanQ": 0.8646,
        "DNABERT6": 0.7768
      },
      "hetmoe_brier": 0.14790842130033083,
      "hetmoe_ece": 0.06166980917751789,
      "gate_entropy": 1.1872153282165527
    },
    "in_distribution::JUND": {
      "data_type": "in_distribution",
      "tf": "JUND",
      "hetmoe_auc": 0.969472,
      "static_mean_auc": 0.917084,
      "oracle_auc": 0.9446519999999999,
      "best_expert": "DanQ",
      "per_expert_auc": {
        "ConvNet": 0.7864,
        "DeepSEA": 0.9143,
        "DanQ": 0.9447,
        "DNABERT6": 0.818
      },
      "hetmoe_brier": 0.12704146347457504,
      "hetmoe_ece": 0.18102056736126543,
      "gate_entropy": 1.0709824562072754
    },
    "in_distribution::MAX": {
      "data_type": "in_distribution",
      "tf": "MAX",
      "hetmoe_auc": 0.8196439999999999,
      "static_mean_auc": 0.71048,
      "oracle_auc": 0.774616,
      "best_expert": "DanQ",
      "per_expert_auc": {
        "ConvNet": 0.5025,
        "DeepSEA": 0.7674,
        "DanQ": 0.7746,
        "DNABERT6": 0.5967
      },
      "hetmoe_brier": 0.37224707621241204,
      "hetmoe_ece": 0.3970732893645763,
      "gate_entropy": 0.7508065700531006
    },
    "in_distribution::GABPA": {
      "data_type": "in_distribution",
      "tf": "GABPA",
      "hetmoe_auc": 0.8880079999999999,
      "static_mean_auc": 0.8155399999999999,
      "oracle_auc": 0.868188,
      "best_expert": "DanQ",
      "per_expert_auc": {
        "ConvNet": 0.5624,
        "DeepSEA": 0.8445,
        "DanQ": 0.8682,
        "DNABERT6": 0.6502
      },
      "hetmoe_brier": 0.3935428845860866,
      "hetmoe_ece": 0.42438665518164637,
      "gate_entropy": 0.7520906329154968
    },
    "in_distribution::SP1": {
      "data_type": "in_distribution",
      "tf": "SP1",
      "hetmoe_auc": 0.708356,
      "static_mean_auc": 0.6634599999999999,
      "oracle_auc": 0.7038879999999998,
      "best_expert": "DanQ",
      "per_expert_auc": {
        "ConvNet": 0.5606,
        "DeepSEA": 0.6844,
        "DanQ": 0.7039,
        "DNABERT6": 0.6095
      },
      "hetmoe_brier": 0.317586050941927,
      "hetmoe_ece": 0.2843386123180389,
      "gate_entropy": 1.0117225646972656
    },
    "out_of_distribution::JUN": {
      "data_type": "out_of_distribution",
      "tf": "JUN",
      "hetmoe_auc": 0.944708,
      "static_mean_auc": 0.8650599999999999,
      "oracle_auc": 0.91556,
      "best_expert": "DanQ",
      "per_expert_auc": {
        "ConvNet": 0.729,
        "DeepSEA": 0.8896,
        "DanQ": 0.9156,
        "DNABERT6": 0.7708
      },
      "hetmoe_brier": 0.15338015714905556,
      "hetmoe_ece": 0.19864769999682902,
      "gate_entropy": 1.043605923652649
    },
    "out_of_distribution::FOSL1": {
      "data_type": "out_of_distribution",
      "tf": "FOSL1",
      "hetmoe_auc": 0.9594400000000001,
      "static_mean_auc": 0.87784,
      "oracle_auc": 0.914556,
      "best_expert": "DanQ",
      "per_expert_auc": {
        "ConvNet": 0.752,
        "DeepSEA": 0.9025,
        "DanQ": 0.9146,
        "DNABERT6": 0.7867
      },
      "hetmoe_brier": 0.1454027429454856,
      "hetmoe_ece": 0.19412045281380416,
      "gate_entropy": 1.0313303470611572
    },
    "out_of_distribution::ATF3": {
      "data_type": "out_of_distribution",
      "tf": "ATF3",
      "hetmoe_auc": 0.783808,
      "static_mean_auc": 0.6984560000000001,
      "oracle_auc": 0.7514640000000001,
      "best_expert": "DanQ",
      "per_expert_auc": {
        "ConvNet": 0.5695,
        "DeepSEA": 0.7452,
        "DanQ": 0.7515,
        "DNABERT6": 0.595
      },
      "hetmoe_brier": 0.3025072038351474,
      "hetmoe_ece": 0.29815950787439943,
      "gate_entropy": 0.954662561416626
    },
    "out_of_distribution::MYC": {
      "data_type": "out_of_distribution",
      "tf": "MYC",
      "hetmoe_auc": 0.806066,
      "static_mean_auc": 0.714696,
      "oracle_auc": 0.782612,
      "best_expert": "DeepSEA",
      "per_expert_auc": {
        "ConvNet": 0.5246,
        "DeepSEA": 0.7826,
        "DanQ": 0.7771,
        "DNABERT6": 0.6044
      },
      "hetmoe_brier": 0.34744947493789646,
      "hetmoe_ece": 0.3664699003137648,
      "gate_entropy": 0.8009703159332275
    },
    "out_of_distribution::MXI1": {
      "data_type": "out_of_distribution",
      "tf": "MXI1",
      "hetmoe_auc": 0.7380720000000001,
      "static_mean_auc": 0.6987399999999999,
      "oracle_auc": 0.75236,
      "best_expert": "DanQ",
      "per_expert_auc": {
        "ConvNet": 0.5384,
        "DeepSEA": 0.7506,
        "DanQ": 0.7524,
        "DNABERT6": 0.6102
      },
      "hetmoe_brier": 0.3425591485645396,
      "hetmoe_ece": 0.3410992999076844,
      "gate_entropy": 0.8815240263938904
    },
    "out_of_distribution::USF1": {
      "data_type": "out_of_distribution",
      "tf": "USF1",
      "hetmoe_auc": 0.839798,
      "static_mean_auc": 0.7406760000000001,
      "oracle_auc": 0.825708,
      "best_expert": "DanQ",
      "per_expert_auc": {
        "ConvNet": 0.5555,
        "DeepSEA": 0.8082,
        "DanQ": 0.8257,
        "DNABERT6": 0.6438
      },
      "hetmoe_brier": 0.296600362158638,
      "hetmoe_ece": 0.3263639027997851,
      "gate_entropy": 0.8064499497413635
    },
    "out_of_distribution::ELF1": {
      "data_type": "out_of_distribution",
      "tf": "ELF1",
      "hetmoe_auc": 0.9141079999999999,
      "static_mean_auc": 0.8615600000000001,
      "oracle_auc": 0.9059360000000001,
      "best_expert": "DanQ",
      "per_expert_auc": {
        "ConvNet": 0.5734,
        "DeepSEA": 0.8827,
        "DanQ": 0.9059,
        "DNABERT6": 0.6676
      },
      "hetmoe_brier": 0.40604543718234065,
      "hetmoe_ece": 0.43597821407020093,
      "gate_entropy": 0.7126569747924805
    },
    "out_of_distribution::ETS1": {
      "data_type": "out_of_distribution",
      "tf": "ETS1",
      "hetmoe_auc": 0.7617959999999999,
      "static_mean_auc": 0.7061559999999999,