{
  "tag": "cnn_only_9",
  "seed": 2,
  "num_experts": 9,
  "config": {
    "l2norm": true,
    "entropy_reg": 0.001,
    "gate_temperature": 1.0,
    "embedding_dim": 32
  },
  "expert_order": [
    "ConvNet::ARID3A",
    "ConvNet::FOXM1",
    "ConvNet::GATA3",
    "DeepSEA::ARID3A",
    "DeepSEA::FOXM1",
    "DeepSEA::GATA3",
    "DanQ::ARID3A",
    "DanQ::FOXM1",
    "DanQ::GATA3"
  ],
  "gate_val_auc": 0.9610553670140705,
  "mean_gate_entropy": 1.8019704156451755,
  "ood_mean_hetmoe": 0.7461460000000001,
  "ood_mean_oracle": 0.7462209999999999,
  "ood_mean_static": 0.70022,
  "ood_learnable_hetmoe": 0.827656,
  "ood_learnable_oracle": 0.8348040000000001,
  "ood_indirect_hetmoe": 0.705391,
  "indist_mean_hetmoe": 0.7953126666666668,
  "dnabert_ref_ood": 0.7492,
  "deepsea_ref_ood": 0.6918,
  "danq_ref_ood": 0.6881,
  "per_dataset": {
    "in_distribution::ARID3A": {
      "data_type": "in_distribution",
      "tf": "ARID3A",
      "hetmoe_auc": 0.78115,
      "static_mean_auc": 0.709292,
      "oracle_auc": 0.8115479999999999,
      "best_expert": "DeepSEA::ARID3A",
      "per_expert_auc": {
        "ConvNet::ARID3A": 0.6852,
        "ConvNet::FOXM1": 0.5731,
        "ConvNet::GATA3": 0.586,
        "DeepSEA::ARID3A": 0.8115,
        "DeepSEA::FOXM1": 0.6141,
        "DeepSEA::GATA3": 0.6259,
        "DanQ::ARID3A": 0.8104,
        "DanQ::FOXM1": 0.6415,
        "DanQ::GATA3": 0.6143
      },
      "hetmoe_brier": 0.22110039960254305,
      "hetmoe_ece": 0.16776433137431743,
      "gate_entropy": 1.9184880256652832
    },
    "in_distribution::FOXM1": {
      "data_type": "in_distribution",
      "tf": "FOXM1",
      "hetmoe_auc": 0.8025360000000001,
      "static_mean_auc": 0.7226319999999999,
      "oracle_auc": 0.840616,
      "best_expert": "DeepSEA::FOXM1",
      "per_expert_auc": {
        "ConvNet::ARID3A": 0.5499,
        "ConvNet::FOXM1": 0.6772,
        "ConvNet::GATA3": 0.5752,
        "DeepSEA::ARID3A": 0.6611,
        "DeepSEA::FOXM1": 0.8406,
        "DeepSEA::GATA3": 0.6222,
        "DanQ::ARID3A": 0.6282,
        "DanQ::FOXM1": 0.8341,
        "DanQ::GATA3": 0.6206
      },
      "hetmoe_brier": 0.23025935553518043,
      "hetmoe_ece": 0.20583254060149192,
      "gate_entropy": 1.913299560546875
    },
    "in_distribution::GATA3": {
      "data_type": "in_distribution",
      "tf": "GATA3",
      "hetmoe_auc": 0.8022520000000002,
      "static_mean_auc": 0.7447440000000001,
      "oracle_auc": 0.835528,
      "best_expert": "DeepSEA::GATA3",
      "per_expert_auc": {
        "ConvNet::ARID3A": 0.5884,
        "ConvNet::FOXM1": 0.6081,
        "ConvNet::GATA3": 0.7345,
        "DeepSEA::ARID3A": 0.6708,
        "DeepSEA::FOXM1": 0.6718,
        "DeepSEA::GATA3": 0.8355,
        "DanQ::ARID3A": 0.6876,
        "DanQ::FOXM1": 0.6684,
        "DanQ::GATA3": 0.824
      },
      "hetmoe_brier": 0.23135509339624655,
      "hetmoe_ece": 0.19604359155148265,
      "gate_entropy": 1.9874917268753052
    },
    "out_of_distribution::BCLAF1": {
      "data_type": "out_of_distribution",
      "tf": "BCLAF1",
      "hetmoe_auc": 0.742364,
      "static_mean_auc": 0.687872,
      "oracle_auc": 0.7242919999999999,
      "best_expert": "DeepSEA::FOXM1",
      "per_expert_auc": {
        "ConvNet::ARID3A": 0.6054,
        "ConvNet::FOXM1": 0.6442,
        "ConvNet::GATA3": 0.5584,
        "DeepSEA::ARID3A": 0.6719,
        "DeepSEA::FOXM1": 0.7243,
        "DeepSEA::GATA3": 0.6015,
        "DanQ::ARID3A": 0.6376,
        "DanQ::FOXM1": 0.6938,
        "DanQ::GATA3": 0.5643
      },
      "hetmoe_brier": 0.24431478478361493,
      "hetmoe_ece": 0.1874203325212002,
      "gate_entropy": 1.705142855644226
    },
    "out_of_distribution::CTCF": {
      "data_type": "out_of_distribution",
      "tf": "CTCF",
      "hetmoe_auc": 0.908384,
      "static_mean_auc": 0.7922119999999999,
      "oracle_auc": 0.920708,
      "best_expert": "DanQ::FOXM1",
      "per_expert_auc": {
        "ConvNet::ARID3A": 0.8406,
        "ConvNet::FOXM1": 0.7899,
        "ConvNet::GATA3": 0.5572,
        "DeepSEA::ARID3A": 0.8459,
        "DeepSEA::FOXM1": 0.8333,
        "DeepSEA::GATA3": 0.5931,
        "DanQ::ARID3A": 0.8856,
        "DanQ::FOXM1": 0.9207,
        "DanQ::GATA3": 0.5712
      },
      "hetmoe_brier": 0.20399255624346557,
      "hetmoe_ece": 0.22274660958349707,
      "gate_entropy": 1.8777073621749878
    },
    "out_of_distribution::POLR2A": {
      "data_type": "out_of_distribution",
      "tf": "POLR2A",
      "hetmoe_auc": 0.72306,
      "static_mean_auc": 0.6806679999999999,
      "oracle_auc": 0.72672,
      "best_expert": "DeepSEA::FOXM1",
      "per_expert_auc": {
        "ConvNet::ARID3A": 0.5507,
        "ConvNet::FOXM1": 0.6196,
        "ConvNet::GATA3": 0.5555,
        "DeepSEA::ARID3A": 0.6355,
        "DeepSEA::FOXM1": 0.7267,
        "DeepSEA::GATA3": 0.5605,
        "DanQ::ARID3A": 0.5917,
        "DanQ::FOXM1": 0.6957,
        "DanQ::GATA3": 0.5693
      },
      "hetmoe_brier": 0.24882484786845221,
      "hetmoe_ece": 0.18309455548599363,
      "gate_entropy": 1.5698662996292114
    },
    "out_of_distribution::RBBP5": {
      "data_type": "out_of_distribution",
      "tf": "RBBP5",
      "hetmoe_auc": 0.693768,
      "static_mean_auc": 0.6702480000000001,
      "oracle_auc": 0.69236,
      "best_expert": "DeepSEA::FOXM1",
      "per_expert_auc": {
        "ConvNet::ARID3A": 0.5645,
        "ConvNet::FOXM1": 0.6393,
        "ConvNet::GATA3": 0.5829,
        "DeepSEA::ARID3A": 0.6364,
        "DeepSEA::FOXM1": 0.6924,
        "DeepSEA::GATA3": 0.5883,
        "DanQ::ARID3A": 0.5941,
        "DanQ::FOXM1": 0.6676,
        "DanQ::GATA3": 0.5574
      },
      "hetmoe_brier": 0.26932675808225714,
      "hetmoe_ece": 0.20442016411572694,
      "gate_entropy": 1.6568799018859863
    },
    "out_of_distribution::SAP30": {
      "data_type": "out_of_distribution",
      "tf": "SAP30",
      "hetmoe_auc": 0.662372,
      "static_mean_auc": 0.6605079999999999,
      "oracle_auc": 0.6643459999999999,
      "best_expert": "DanQ::FOXM1",
      "per_expert_auc": {
        "ConvNet::ARID3A": 0.5842,
        "ConvNet::FOXM1": 0.6078,
        "ConvNet::GATA3": 0.5424,
        "DeepSEA::ARID3A": 0.6129,
        "DeepSEA::FOXM1": 0.6642,
        "DeepSEA::GATA3": 0.5741,
        "DanQ::ARID3A": 0.6261,
        "DanQ::FOXM1": 0.6643,
        "DanQ::GATA3": 0.5741
      },
      "hetmoe_brier": 0.2864439046277024,
      "hetmoe_ece": 0.2198580217286944,
      "gate_entropy": 1.6434558629989624
    },
    "out_of_distribution::STAT3": {
      "data_type": "out_of_distribution",
      "tf": "STAT3",
      "hetmoe_auc": 0.746928,
      "static_mean_auc": 0.709812,
      "oracle_auc": 0.7489000000000001,
      "best_expert": "DanQ::FOXM1",
      "per_expert_auc": {
        "ConvNet::ARID3A": 0.5797,
        "ConvNet::FOXM1": 0.6138,
        "ConvNet::GATA3": 0.5652,
        "DeepSEA::ARID3A": 0.7194,
        "DeepSEA::FOXM1": 0.7481,
        "DeepSEA::GATA3": 0.6167,
        "DanQ::ARID3A": 0.6918,
        "DanQ::FOXM1": 0.7489,
        "DanQ::GATA3": 0.6274
      },
      "hetmoe_brier": 0.25079524062952135,
      "hetmoe_ece": 0.2001609891057014,
      "gate_entropy": 1.9454021453857422
    }
  }
}