{
  "tag": "full12_noknobs",
  "seed": 2,
  "num_experts": 12,
  "config": {
    "l2norm": false,
    "entropy_reg": 0.0,
    "gate_temperature": 1.0,
    "embedding_dim": 32
  },
  "expert_order": [
    "ConvNet::ARID3A",
    "ConvNet::FOXM1",
    "ConvNet::GATA3",
    "DeepSEA::ARID3A",
    "DeepSEA::FOXM1",
    "DeepSEA::GATA3",
    "DanQ::ARID3A",
    "DanQ::FOXM1",
    "DanQ::GATA3",
    "DNABERT6::ARID3A",
    "DNABERT6::FOXM1",
    "DNABERT6::GATA3"
  ],
  "gate_val_auc": 0.9677989663187049,
  "mean_gate_entropy": 0.6707106298870511,
  "ood_mean_hetmoe": 0.7692026666666667,
  "ood_mean_oracle": 0.7808259999999999,
  "ood_mean_static": 0.7212063333333334,
  "ood_learnable_hetmoe": 0.8429979999999999,
  "ood_learnable_oracle": 0.8523499999999999,
  "ood_indirect_hetmoe": 0.732305,
  "indist_mean_hetmoe": 0.8240733333333333,
  "dnabert_ref_ood": 0.7492,
  "deepsea_ref_ood": 0.6918,
  "danq_ref_ood": 0.6881,
  "per_dataset": {
    "in_distribution::ARID3A": {
      "data_type": "in_distribution",
      "tf": "ARID3A",
      "hetmoe_auc": 0.818268,
      "static_mean_auc": 0.7322080000000001,
      "oracle_auc": 0.835748,
      "best_expert": "DNABERT6::ARID3A",
      "per_expert_auc": {
        "ConvNet::ARID3A": 0.6852,
        "ConvNet::FOXM1": 0.5731,
        "ConvNet::GATA3": 0.586,
        "DeepSEA::ARID3A": 0.8115,
        "DeepSEA::FOXM1": 0.6141,
        "DeepSEA::GATA3": 0.6259,
        "DanQ::ARID3A": 0.8104,
        "DanQ::FOXM1": 0.6415,
        "DanQ::GATA3": 0.6143,
        "DNABERT6::ARID3A": 0.8357,
        "DNABERT6::FOXM1": 0.6979,
        "DNABERT6::GATA3": 0.7195
      },
      "hetmoe_brier": 0.19544872079716485,
      "hetmoe_ece": 0.1376149260997772,
      "gate_entropy": 0.7159897685050964
    },
    "in_distribution::FOXM1": {
      "data_type": "in_distribution",
      "tf": "FOXM1",
      "hetmoe_auc": 0.8339239999999999,
      "static_mean_auc": 0.7507400000000001,
      "oracle_auc": 0.872992,
      "best_expert": "DNABERT6::FOXM1",
      "per_expert_auc": {
        "ConvNet::ARID3A": 0.5499,
        "ConvNet::FOXM1": 0.6772,
        "ConvNet::GATA3": 0.5752,
        "DeepSEA::ARID3A": 0.6611,
        "DeepSEA::FOXM1": 0.8406,
        "DeepSEA::GATA3": 0.6222,
        "DanQ::ARID3A": 0.6282,
        "DanQ::FOXM1": 0.8341,
        "DanQ::GATA3": 0.6206,
        "DNABERT6::ARID3A": 0.735,
        "DNABERT6::FOXM1": 0.873,
        "DNABERT6::GATA3": 0.7226
      },
      "hetmoe_brier": 0.1992339093107435,
      "hetmoe_ece": 0.1616600231230259,
      "gate_entropy": 0.6643673777580261
    },
    "in_distribution::GATA3": {
      "data_type": "in_distribution",
      "tf": "GATA3",
      "hetmoe_auc": 0.8200280000000001,
      "static_mean_auc": 0.7589199999999999,
      "oracle_auc": 0.877496,
      "best_expert": "DNABERT6::GATA3",
      "per_expert_auc": {
        "ConvNet::ARID3A": 0.5884,
        "ConvNet::FOXM1": 0.6081,
        "ConvNet::GATA3": 0.7345,
        "DeepSEA::ARID3A": 0.6708,
        "DeepSEA::FOXM1": 0.6718,
        "DeepSEA::GATA3": 0.8355,
        "DanQ::ARID3A": 0.6876,
        "DanQ::FOXM1": 0.6684,
        "DanQ::GATA3": 0.824,
        "DNABERT6::ARID3A": 0.7228,
        "DNABERT6::FOXM1": 0.6909,
        "DNABERT6::GATA3": 0.8775
      },
      "hetmoe_brier": 0.2091118717712803,
      "hetmoe_ece": 0.17549024222791196,
      "gate_entropy": 0.7191004753112793
    },
    "out_of_distribution::BCLAF1": {
      "data_type": "out_of_distribution",
      "tf": "BCLAF1",
      "hetmoe_auc": 0.765444,
      "static_mean_auc": 0.7085920000000001,
      "oracle_auc": 0.754804,
      "best_expert": "DNABERT6::FOXM1",
      "per_expert_auc": {
        "ConvNet::ARID3A": 0.6054,
        "ConvNet::FOXM1": 0.6442,
        "ConvNet::GATA3": 0.5584,
        "DeepSEA::ARID3A": 0.6719,
        "DeepSEA::FOXM1": 0.7243,
        "DeepSEA::GATA3": 0.6015,
        "DanQ::ARID3A": 0.6376,
        "DanQ::FOXM1": 0.6938,
        "DanQ::GATA3": 0.5643,
        "DNABERT6::ARID3A": 0.7167,
        "DNABERT6::FOXM1": 0.7548,
        "DNABERT6::GATA3": 0.6585
      },
      "hetmoe_brier": 0.22225291358808968,
      "hetmoe_ece": 0.15730356705188753,
      "gate_entropy": 0.6506339311599731
    },
    "out_of_distribution::CTCF": {
      "data_type": "out_of_distribution",
      "tf": "CTCF",
      "hetmoe_auc": 0.904696,
      "static_mean_auc": 0.7922800000000001,
      "oracle_auc": 0.920708,
      "best_expert": "DanQ::FOXM1",
      "per_expert_auc": {
        "ConvNet::ARID3A": 0.8406,
        "ConvNet::FOXM1": 0.7899,
        "ConvNet::GATA3": 0.5572,
        "DeepSEA::ARID3A": 0.8459,
        "DeepSEA::FOXM1": 0.8333,
        "DeepSEA::GATA3": 0.5931,
        "DanQ::ARID3A": 0.8856,
        "DanQ::FOXM1": 0.9207,
        "DanQ::GATA3": 0.5712,
        "DNABERT6::ARID3A": 0.7951,
        "DNABERT6::FOXM1": 0.8096,
        "DNABERT6::GATA3": 0.6388
      },
      "hetmoe_brier": 0.18057789410716013,
      "hetmoe_ece": 0.19025808178260922,
      "gate_entropy": 0.595576286315918
    },
    "out_of_distribution::POLR2A": {
      "data_type": "out_of_distribution",
      "tf": "POLR2A",
      "hetmoe_auc": 0.7439079999999999,
      "static_mean_auc": 0.704618,
      "oracle_auc": 0.7536879999999999,
      "best_expert": "DNABERT6::FOXM1",
      "per_expert_auc": {
        "ConvNet::ARID3A": 0.5507,
        "ConvNet::FOXM1": 0.6196,
        "ConvNet::GATA3": 0.5555,
        "DeepSEA::ARID3A": 0.6355,
        "DeepSEA::FOXM1": 0.7267,
        "DeepSEA::GATA3": 0.5605,
        "DanQ::ARID3A": 0.5917,
        "DanQ::FOXM1": 0.6957,
        "DanQ::GATA3": 0.5693,
        "DNABERT6::ARID3A": 0.6861,
        "DNABERT6::FOXM1": 0.7537,
        "DNABERT6::GATA3": 0.6626
      },
      "hetmoe_brier": 0.2340533382224635,
      "hetmoe_ece": 0.16234961736202239,
      "gate_entropy": 0.6487391591072083
    },
    "out_of_distribution::RBBP5": {
      "data_type": "out_of_distribution",
      "tf": "RBBP5",
      "hetmoe_auc": 0.723596,
      "static_mean_auc": 0.699052,
      "oracle_auc": 0.7405679999999999,
      "best_expert": "DNABERT6::FOXM1",
      "per_expert_auc": {
        "ConvNet::ARID3A": 0.5645,
        "ConvNet::FOXM1": 0.6393,
        "ConvNet::GATA3": 0.5829,
        "DeepSEA::ARID3A": 0.6364,
        "DeepSEA::FOXM1": 0.6924,
        "DeepSEA::GATA3": 0.5883,
        "DanQ::ARID3A": 0.5941,
        "DanQ::FOXM1": 0.6676,
        "DanQ::GATA3": 0.5574,
        "DNABERT6::ARID3A": 0.7123,
        "DNABERT6::FOXM1": 0.7406,
        "DNABERT6::GATA3": 0.6882
      },
      "hetmoe_brier": 0.24685122714618532,
      "hetmoe_ece": 0.1754324681088328,
      "gate_entropy": 0.6530787348747253
    },
    "out_of_distribution::SAP30": {
      "data_type": "out_of_distribution",
      "tf": "SAP30",
      "hetmoe_auc": 0.696272,
      "static_mean_auc": 0.6914560000000001,
      "oracle_auc": 0.7311960000000001,
      "best_expert": "DNABERT6::FOXM1",
      "per_expert_auc": {
        "ConvNet::ARID3A": 0.5842,
        "ConvNet::FOXM1": 0.6078,
        "ConvNet::GATA3": 0.5424,
        "DeepSEA::ARID3A": 0.6129,
        "DeepSEA::FOXM1": 0.6642,
        "DeepSEA::GATA3": 0.5741,
        "DanQ::ARID3A": 0.6261,
        "DanQ::FOXM1": 0.6643,
        "DanQ::GATA3": 0.5741,
        "DNABERT6::ARID3A": 0.7061,
        "DNABERT6::FOXM1": 0.7312,
        "DNABERT6::GATA3": 0.6664
      },
      "hetmoe_brier": 0.26675102331813366,
      "hetmoe_ece": 0.20332162737846377,
      "gate_entropy": 0.6414577960968018
    },
    "out_of_distribution::STAT3": {
      "data_type": "out_of_distribution",
      "tf": "STAT3",
      "hetmoe_auc": 0.7812999999999999,
      "static_mean_auc": 0.7312399999999999,
      "oracle_auc": 0.783992,
      "best_expert": "DNABERT6::FOXM1",
      "per_expert_auc": {
        "ConvNet::ARID3A": 0.5797,
        "ConvNet::FOXM1": 0.6138,
        "ConvNet::GATA3": 0.5652,
        "DeepSEA::ARID3A": 0.7194,
        "DeepSEA::FOXM1": 0.7481,
        "DeepSEA::GATA3": 0.6167,
        "DanQ::ARID3A": 0.6918,