{
  "tag": "full12",
  "seed": 2,
  "num_experts": 12,
  "config": {
    "l2norm": true,
    "entropy_reg": 0.001,
    "gate_temperature": 1.0,
    "embedding_dim": 32
  },
  "expert_order": [
    "ConvNet::ARID3A",
    "ConvNet::FOXM1",
    "ConvNet::GATA3",
    "DeepSEA::ARID3A",
    "DeepSEA::FOXM1",
    "DeepSEA::GATA3",
    "DanQ::ARID3A",
    "DanQ::FOXM1",
    "DanQ::GATA3",
    "DNABERT6::ARID3A",
    "DNABERT6::FOXM1",
    "DNABERT6::GATA3"
  ],
  "gate_val_auc": 0.9699645840362793,
  "mean_gate_entropy": 2.1503581735822888,
  "ood_mean_hetmoe": 0.7760643333333332,
  "ood_mean_oracle": 0.7808259999999999,
  "ood_mean_static": 0.7212063333333334,
  "ood_learnable_hetmoe": 0.84733,
  "ood_learnable_oracle": 0.8523499999999999,
  "ood_indirect_hetmoe": 0.7404314999999999,
  "indist_mean_hetmoe": 0.8338193333333334,
  "dnabert_ref_ood": 0.7492,
  "deepsea_ref_ood": 0.6918,
  "danq_ref_ood": 0.6881,
  "per_dataset": {
    "in_distribution::ARID3A": {
      "data_type": "in_distribution",
      "tf": "ARID3A",
      "hetmoe_auc": 0.829556,
      "static_mean_auc": 0.7322080000000001,
      "oracle_auc": 0.835748,
      "best_expert": "DNABERT6::ARID3A",
      "per_expert_auc": {
        "ConvNet::ARID3A": 0.6852,
        "ConvNet::FOXM1": 0.5731,
        "ConvNet::GATA3": 0.586,
        "DeepSEA::ARID3A": 0.8115,
        "DeepSEA::FOXM1": 0.6141,
        "DeepSEA::GATA3": 0.6259,
        "DanQ::ARID3A": 0.8104,
        "DanQ::FOXM1": 0.6415,
        "DanQ::GATA3": 0.6143,
        "DNABERT6::ARID3A": 0.8357,
        "DNABERT6::FOXM1": 0.6979,
        "DNABERT6::GATA3": 0.7195
      },
      "hetmoe_brier": 0.201141072910141,
      "hetmoe_ece": 0.1657154031842947,
      "gate_entropy": 2.21248722076416
    },
    "in_distribution::FOXM1": {
      "data_type": "in_distribution",
      "tf": "FOXM1",
      "hetmoe_auc": 0.8350279999999999,
      "static_mean_auc": 0.7507400000000001,
      "oracle_auc": 0.872992,
      "best_expert": "DNABERT6::FOXM1",
      "per_expert_auc": {
        "ConvNet::ARID3A": 0.5499,
        "ConvNet::FOXM1": 0.6772,
        "ConvNet::GATA3": 0.5752,
        "DeepSEA::ARID3A": 0.6611,
        "DeepSEA::FOXM1": 0.8406,
        "DeepSEA::GATA3": 0.6222,
        "DanQ::ARID3A": 0.6282,
        "DanQ::FOXM1": 0.8341,
        "DanQ::GATA3": 0.6206,
        "DNABERT6::ARID3A": 0.735,
        "DNABERT6::FOXM1": 0.873,
        "DNABERT6::GATA3": 0.7226
      },
      "hetmoe_brier": 0.2127236868192634,
      "hetmoe_ece": 0.18448217028379438,
      "gate_entropy": 2.1903274059295654
    },
    "in_distribution::GATA3": {
      "data_type": "in_distribution",
      "tf": "GATA3",
      "hetmoe_auc": 0.8368740000000001,
      "static_mean_auc": 0.7589199999999999,
      "oracle_auc": 0.877496,
      "best_expert": "DNABERT6::GATA3",
      "per_expert_auc": {
        "ConvNet::ARID3A": 0.5884,
        "ConvNet::FOXM1": 0.6081,
        "ConvNet::GATA3": 0.7345,
        "DeepSEA::ARID3A": 0.6708,
        "DeepSEA::FOXM1": 0.6718,
        "DeepSEA::GATA3": 0.8355,
        "DanQ::ARID3A": 0.6876,
        "DanQ::FOXM1": 0.6684,
        "DanQ::GATA3": 0.824,
        "DNABERT6::ARID3A": 0.7228,
        "DNABERT6::FOXM1": 0.6909,
        "DNABERT6::GATA3": 0.8775
      },
      "hetmoe_brier": 0.21847382375329147,
      "hetmoe_ece": 0.19681350694596772,
      "gate_entropy": 2.1667895317077637
    },
    "out_of_distribution::BCLAF1": {
      "data_type": "out_of_distribution",
      "tf": "BCLAF1",
      "hetmoe_auc": 0.7729560000000001,
      "static_mean_auc": 0.7085920000000001,
      "oracle_auc": 0.754804,
      "best_expert": "DNABERT6::FOXM1",
      "per_expert_auc": {
        "ConvNet::ARID3A": 0.6054,
        "ConvNet::FOXM1": 0.6442,
        "ConvNet::GATA3": 0.5584,
        "DeepSEA::ARID3A": 0.6719,
        "DeepSEA::FOXM1": 0.7243,
        "DeepSEA::GATA3": 0.6015,
        "DanQ::ARID3A": 0.6376,
        "DanQ::FOXM1": 0.6938,
        "DanQ::GATA3": 0.5643,
        "DNABERT6::ARID3A": 0.7167,
        "DNABERT6::FOXM1": 0.7548,
        "DNABERT6::GATA3": 0.6585
      },
      "hetmoe_brier": 0.2222858283179451,
      "hetmoe_ece": 0.1516199921183288,
      "gate_entropy": 2.1009721755981445
    },
    "out_of_distribution::CTCF": {
      "data_type": "out_of_distribution",
      "tf": "CTCF",
      "hetmoe_auc": 0.9154680000000001,
      "static_mean_auc": 0.7922800000000001,
      "oracle_auc": 0.920708,
      "best_expert": "DanQ::FOXM1",
      "per_expert_auc": {
        "ConvNet::ARID3A": 0.8406,
        "ConvNet::FOXM1": 0.7899,
        "ConvNet::GATA3": 0.5572,
        "DeepSEA::ARID3A": 0.8459,
        "DeepSEA::FOXM1": 0.8333,
        "DeepSEA::GATA3": 0.5931,
        "DanQ::ARID3A": 0.8856,
        "DanQ::FOXM1": 0.9207,
        "DanQ::GATA3": 0.5712,
        "DNABERT6::ARID3A": 0.7951,
        "DNABERT6::FOXM1": 0.8096,
        "DNABERT6::GATA3": 0.6388
      },
      "hetmoe_brier": 0.19707991178838774,
      "hetmoe_ece": 0.21267657250165942,
      "gate_entropy": 2.1870195865631104
    },
    "out_of_distribution::POLR2A": {
      "data_type": "out_of_distribution",
      "tf": "POLR2A",
      "hetmoe_auc": 0.7532479999999999,
      "static_mean_auc": 0.704618,
      "oracle_auc": 0.7536879999999999,
      "best_expert": "DNABERT6::FOXM1",
      "per_expert_auc": {
        "ConvNet::ARID3A": 0.5507,
        "ConvNet::FOXM1": 0.6196,
        "ConvNet::GATA3": 0.5555,
        "DeepSEA::ARID3A": 0.6355,
        "DeepSEA::FOXM1": 0.7267,
        "DeepSEA::GATA3": 0.5605,
        "DanQ::ARID3A": 0.5917,
        "DanQ::FOXM1": 0.6957,
        "DanQ::GATA3": 0.5693,
        "DNABERT6::ARID3A": 0.6861,
        "DNABERT6::FOXM1": 0.7537,
        "DNABERT6::GATA3": 0.6626
      },
      "hetmoe_brier": 0.2297833908602222,
      "hetmoe_ece": 0.16482008558511735,
      "gate_entropy": 2.0723257064819336
    },
    "out_of_distribution::RBBP5": {
      "data_type": "out_of_distribution",
      "tf": "RBBP5",
      "hetmoe_auc": 0.7330299999999998,
      "static_mean_auc": 0.699052,
      "oracle_auc": 0.7405679999999999,
      "best_expert": "DNABERT6::FOXM1",
      "per_expert_auc": {
        "ConvNet::ARID3A": 0.5645,
        "ConvNet::FOXM1": 0.6393,
        "ConvNet::GATA3": 0.5829,
        "DeepSEA::ARID3A": 0.6364,
        "DeepSEA::FOXM1": 0.6924,
        "DeepSEA::GATA3": 0.5883,
        "DanQ::ARID3A": 0.5941,
        "DanQ::FOXM1": 0.6676,
        "DanQ::GATA3": 0.5574,
        "DNABERT6::ARID3A": 0.7123,
        "DNABERT6::FOXM1": 0.7406,
        "DNABERT6::GATA3": 0.6882
      },
      "hetmoe_brier": 0.24319211504804877,
      "hetmoe_ece": 0.17207569345831875,
      "gate_entropy": 2.1105599403381348
    },
    "out_of_distribution::SAP30": {
      "data_type": "out_of_distribution",
      "tf": "SAP30",
      "hetmoe_auc": 0.702492,
      "static_mean_auc": 0.6914560000000001,
      "oracle_auc": 0.7311960000000001,
      "best_expert": "DNABERT6::FOXM1",
      "per_expert_auc": {
        "ConvNet::ARID3A": 0.5842,
        "ConvNet::FOXM1": 0.6078,
        "ConvNet::GATA3": 0.5424,
        "DeepSEA::ARID3A": 0.6129,
        "DeepSEA::FOXM1": 0.6642,
        "DeepSEA::GATA3": 0.5741,
        "DanQ::ARID3A": 0.6261,
        "DanQ::FOXM1": 0.6643,
        "DanQ::GATA3": 0.5741,
        "DNABERT6::ARID3A": 0.7061,
        "DNABERT6::FOXM1": 0.7312,
        "DNABERT6::GATA3": 0.6664
      },
      "hetmoe_brier": 0.26068624306567684,
      "hetmoe_ece": 0.19584521343931552,
      "gate_entropy": 2.0989716053009033
    },
    "out_of_distribution::STAT3": {
      "data_type": "out_of_distribution",
      "tf": "STAT3",
      "hetmoe_auc": 0.779192,
      "static_mean_auc": 0.7312399999999999,
      "oracle_auc": 0.783992,
      "best_expert": "DNABERT6::FOXM1",
      "per_expert_auc": {
        "ConvNet::ARID3A": 0.5797,
        "ConvNet::FOXM1": 0.6138,
        "ConvNet::GATA3": 0.5652,
        "DeepSEA::ARID3A": 0.7194,
        "DeepSEA::FOXM1": 0.7481,
        "DeepSEA::GATA3": 0.6167,